date,equity,drawdown_pct
2021-09-16,100000.0,0.0
2021-09-17,100000.0,0.0
2021-09-20,100000.0,0.0
2021-09-21,100000.0,0.0
2021-09-22,99901.09890109891,-0.098901098901083
2021-09-23,101102.74604743898,0.0
2021-09-24,101267.65162913607,0.0
2021-09-27,100980.76693765706,-0.2832935166005912
2021-09-28,98965.97228675763,-2.2728673029840607
2021-09-29,99130.88522013686,-2.1100187222910183
2021-09-30,97931.50974357275,-3.2943806160144695
2021-10-01,99083.43011203402,-2.156879795239197
2021-10-04,97818.54379607341,-3.4059324745616126
2021-10-05,98825.94479736418,-2.4111419515423838
2021-10-06,99232.50752212068,-2.0096685113905166
2021-10-07,100081.78854431372,-1.1710186478553264
2021-10-08,99901.09890109891,-1.3494464481528357
2021-10-11,99185.08182074633,-2.0565005457187535
2021-10-12,98943.38791927631,-2.295168963107508
2021-10-13,99295.74669174122,-1.9472209591828937
2021-10-14,100949.14735284679,-0.3145172927043971
2021-10-15,101710.35522320839,0.0
2021-10-18,102008.48798833533,0.0
2021-10-19,102787.77364503694,0.0
2021-10-20,103187.57282224044,0.0
2021-10-21,103454.09335423923,0.0
2021-10-22,103347.92036102139,-0.1026281220737113
2021-10-25,103896.80429999366,0.0
2021-10-26,103989.39873633065,0.0
2021-10-27,103533.14599210597,-0.43874928576279615
2021-10-28,104522.4618553746,0.0
2021-10-29,104732.5288203522,0.0
2021-11-01,104910.97620051955,0.0
2021-11-02,105331.11013047479,0.0
2021-11-03,105968.05986959639,0.0
2021-11-04,106462.72515291281,0.0
2021-11-05,106828.63307553009,0.0
2021-11-08,106918.99995218386,0.0
2021-11-09,106568.89079444854,-0.32745270521786773
2021-11-10,105719.61712393761,-1.121767720220579
2021-11-11,105753.47162011323,-1.0901040344484025
2021-11-12,106544.04946055551,-0.3506864933230158
2021-11-15,106580.17562650707,-0.31689814329382004
2021-11-16,106998.0525900506,0.0
2021-11-17,106740.54522033439,-0.24066547332671773
2021-11-18,107099.67489203441,0.0
2021-11-19,106909.95003149066,-0.1771479332080217
2021-11-22,106611.82461804584,-0.4555105087670652
2021-11-23,106751.83740407505,-0.3247792192740184
2021-11-24,107034.17875600216,-0.06115437427637316
2021-11-26,104669.29700241379,-2.269267289625898
2021-11-29,105940.96156929166,-1.0819018114768708
2021-11-30,103899.06126640536,-2.9884438294098814
2021-12-01,102756.13935686243,-4.055601045988821
2021-12-02,104314.65920849082,-2.6003960202037213
2021-12-03,103415.6881668296,-3.439773957221237
2021-12-06,104628.6201452282,-2.3072476637275074
2021-12-07,106772.18686019104,-0.3057787357183872
2021-12-08,107052.28594907068,-0.0442475133668796
2021-12-09,106336.24681367172,-0.7128201641436238
2021-12-10,107327.81964335206,0.0
2021-12-13,106385.95153650414,-0.8775619499005294
2021-12-14,105660.89188714049,-1.553118065521819
2021-12-15,107296.20741022391,-0.02945390415383109
2021-12-16,106358.83853283517,-0.9028238100212915
2021-12-17,105237.51586536909,-1.9475880390834477
2021-12-20,104129.09540002857,-2.9803309654037324
2021-12-21,105960.58320887748,-1.2738882043983435
2021-12-22,107010.05788695718,-0.2960665347072178
2021-12-23,107669.65080701707,0.0
2021-12-27,109179.2599174823,0.0
2021-12-28,109090.8485882732,-0.08097813566048107
2021-12-29,109229.1190256393,0.0
2021-12-30,108929.92761828667,-0.2739117645747968
2021-12-31,108657.90802806,-0.5229475461073885
2022-01-03,109281.24245189014,0.0
2022-01-04,109244.98395566035,-0.03317906661406411
2022-01-05,107166.44286907392,-1.9351899149089968
2022-01-06,107066.71730107779,-2.0264458027069665
2022-01-07,106647.36264942758,-2.4101847154804235
2022-01-10,106515.92192475358,-2.530462195608696
2022-01-11,107476.97792194206,-1.65102856580569
2022-01-12,107764.84773882554,-1.3876074969884966
2022-01-13,106293.78349773028,-2.7337344334047553
2022-01-14,106336.83494824155,-2.6943393372790725
2022-01-18,104471.36766462096,-4.401372714431451
2022-01-19,103396.97078414488,-5.384521200274362
2022-01-20,102263.64281977223,-6.421595760322118
2022-01-21,100275.77738048871,-8.24063203286326
2022-01-24,100697.35224014001,-7.854861474080598
2022-01-25,99480.14893442806,-8.968687853065827
2022-01-26,99233.08095332625,-9.194772380985217
2022-01-27,98748.02431854435,-9.638633215561143
2022-01-28,101175.63062400467,-7.4172032144069755
2022-01-31,102979.90250563486,-5.766167921296628
2022-02-01,103668.9756710073,-5.135617654926994
2022-02-02,104666.31221947192,-4.22298477659594
2022-02-03,102229.63393827203,-6.452716271708292
2022-02-04,102705.64065236074,-6.017136749176544
2022-02-07,102379.24802115366,-6.315808894444997
2022-02-08,103213.36252312732,-5.552535634314493
2022-02-09,104709.37837334744,-4.183576225860907
2022-02-10,102846.16805613854,-5.88854432048077
2022-02-11,100837.88699559995,-7.726262318080135
2022-02-14,100511.50171607498,-8.02492773604394
2022-02-15,102116.30775834869,-6.556417673138859
2022-02-16,102229.63393827203,-6.452716271708292
2022-02-17,100067.22486202841,-8.431472211636049
2022-02-18,99425.73913503702,-9.018476634900907
2022-02-22,98369.47885435795,-9.985028860132129
2022-02-23,96642.27465642133,-11.56554181842595
2022-02-24,97984.527428437,-10.337286408897118
2022-02-25,97984.527428437,-10.337286408897118
2022-02-28,97984.527428437,-10.337286408897118
2022-03-01,97984.527428437,-10.337286408897118
2022-03-02,97984.527428437,-10.337286408897118
2022-03-03,97984.527428437,-10.337286408897118
2022-03-04,97984.527428437,-10.337286408897118
2022-03-07,97984.527428437,-10.337286408897118
2022-03-08,97984.527428437,-10.337286408897118
2022-03-09,97984.527428437,-10.337286408897118
2022-03-10,97984.527428437,-10.337286408897118
2022-03-11,97984.527428437,-10.337286408897118
2022-03-14,97984.527428437,-10.337286408897118
2022-03-15,97984.527428437,-10.337286408897118
2022-03-16,97984.527428437,-10.337286408897118
2022-03-17,97984.527428437,-10.337286408897118
2022-03-18,97984.527428437,-10.337286408897118
2022-03-21,97984.527428437,-10.337286408897118
2022-03-22,97984.527428437,-10.337286408897118
2022-03-23,97984.527428437,-10.337286408897118
2022-03-24,97887.61965405723,-10.425963817943252
2022-03-25,98360.87427480187,-9.992902653807068
2022-03-28,99053.55889768129,-9.359047650571394
2022-03-29,100266.81595240344,-8.248832367965797
2022-03-30,99653.72235001434,-8.809856006271344
2022-03-31,98135.0174525209,-10.19957748400988
2022-04-01,98410.36218101428,-9.94761774936961
2022-04-04,99245.0141480541,-9.183852671014769
2022-04-05,98003.78929700307,-10.319660448454226
2022-04-06,97033.62462768126,-11.207429151988968
2022-04-07,97517.62539250153,-10.76453451246897
2022-04-08,97259.49536082835,-11.000741592368179
2022-04-11,95613.85381001426,-12.506619009106522
2022-04-12,95263.20260779472,-12.827489447941353
2022-04-13,96343.08227818391,-11.839323824856873
2022-04-14,95155.65074640857,-12.925906942996368
2022-04-18,95100.15016740057,-12.976693864669997
2022-04-19,95100.15016740057,-12.976693864669997
2022-04-20,95100.15016740057,-12.976693864669997
2022-04-21,95100.15016740057,-12.976693864669997
2022-04-22,95100.15016740057,-12.976693864669997
2022-04-25,95100.15016740057,-12.976693864669997
2022-04-26,95100.15016740057,-12.976693864669997
2022-04-27,95100.15016740057,-12.976693864669997
2022-04-28,95100.15016740057,-12.976693864669997
2022-04-29,95100.15016740057,-12.976693864669997
2022-05-02,95100.15016740057,-12.976693864669997
2022-05-03,95100.15016740057,-12.976693864669997
2022-05-04,95100.15016740057,-12.976693864669997
2022-05-05,95100.15016740057,-12.976693864669997
2022-05-06,95100.15016740057,-12.976693864669997
2022-05-09,95100.15016740057,-12.976693864669997
2022-05-10,95100.15016740057,-12.976693864669997
2022-05-11,95100.15016740057,-12.976693864669997
2022-05-12,95100.15016740057,-12.976693864669997
2022-05-13,95100.15016740057,-12.976693864669997
2022-05-16,95100.15016740057,-12.976693864669997
2022-05-17,95100.15016740057,-12.976693864669997
2022-05-18,95100.15016740057,-12.976693864669997
2022-05-19,95100.15016740057,-12.976693864669997
2022-05-20,95100.15016740057,-12.976693864669997
2022-05-23,95100.15016740057,-12.976693864669997
2022-05-24,95100.15016740057,-12.976693864669997
2022-05-25,95100.15016740057,-12.976693864669997
2022-05-26,95100.15016740057,-12.976693864669997
2022-05-27,95100.15016740057,-12.976693864669997
2022-05-31,95100.15016740057,-12.976693864669997
2022-06-01,95100.15016740057,-12.976693864669997
2022-06-02,95100.15016740057,-12.976693864669997
2022-06-03,95100.15016740057,-12.976693864669997
2022-06-06,95100.15016740057,-12.976693864669997
2022-06-07,95100.15016740057,-12.976693864669997
2022-06-08,95100.15016740057,-12.976693864669997
2022-06-09,95100.15016740057,-12.976693864669997
2022-06-10,95100.15016740057,-12.976693864669997
2022-06-13,95100.15016740057,-12.976693864669997
2022-06-14,95100.15016740057,-12.976693864669997
2022-06-15,95100.15016740057,-12.976693864669997
2022-06-16,95100.15016740057,-12.976693864669997
2022-06-17,95100.15016740057,-12.976693864669997
2022-06-21,95100.15016740057,-12.976693864669997
2022-06-22,95100.15016740057,-12.976693864669997
2022-06-23,95100.15016740057,-12.976693864669997
2022-06-24,95100.15016740057,-12.976693864669997
2022-06-27,95100.15016740057,-12.976693864669997
2022-06-28,95100.15016740057,-12.976693864669997
2022-06-29,95100.15016740057,-12.976693864669997
2022-06-30,95100.15016740057,-12.976693864669997
2022-07-01,95100.15016740057,-12.976693864669997
2022-07-05,95100.15016740057,-12.976693864669997
2022-07-06,95100.15016740057,-12.976693864669997
2022-07-07,95100.15016740057,-12.976693864669997
2022-07-08,95100.15016740057,-12.976693864669997
2022-07-11,95100.15016740057,-12.976693864669997
2022-07-12,95100.15016740057,-12.976693864669997
2022-07-13,95100.15016740057,-12.976693864669997
2022-07-14,95100.15016740057,-12.976693864669997
2022-07-15,95100.15016740057,-12.976693864669997
2022-07-18,95100.15016740057,-12.976693864669997
2022-07-19,95100.15016740057,-12.976693864669997
2022-07-20,95100.15016740057,-12.976693864669997
2022-07-21,95100.15016740057,-12.976693864669997
2022-07-22,95100.15016740057,-12.976693864669997
2022-07-25,95100.15016740057,-12.976693864669997
2022-07-26,95100.15016740057,-12.976693864669997
2022-07-27,95100.15016740057,-12.976693864669997
2022-07-28,95100.15016740057,-12.976693864669997
2022-07-29,95100.15016740057,-12.976693864669997
2022-08-01,95100.15016740057,-12.976693864669997
2022-08-02,95100.15016740057,-12.976693864669997
2022-08-03,95100.15016740057,-12.976693864669997
2022-08-04,95100.15016740057,-12.976693864669997
2022-08-05,95100.15016740057,-12.976693864669997
2022-08-08,95100.15016740057,-12.976693864669997
2022-08-09,95100.15016740057,-12.976693864669997
2022-08-10,95100.15016740057,-12.976693864669997
2022-08-11,95100.15016740057,-12.976693864669997
2022-08-12,95100.15016740057,-12.976693864669997
2022-08-15,95100.15016740057,-12.976693864669997
2022-08-16,95100.15016740057,-12.976693864669997
2022-08-17,95100.15016740057,-12.976693864669997
2022-08-18,95100.15016740057,-12.976693864669997
2022-08-19,95100.15016740057,-12.976693864669997
2022-08-22,95100.15016740057,-12.976693864669997
2022-08-23,95100.15016740057,-12.976693864669997
2022-08-24,95100.15016740057,-12.976693864669997
2022-08-25,95100.15016740057,-12.976693864669997
2022-08-26,95100.15016740057,-12.976693864669997
2022-08-29,95100.15016740057,-12.976693864669997
2022-08-30,95100.15016740057,-12.976693864669997
2022-08-31,95100.15016740057,-12.976693864669997
2022-09-01,95100.15016740057,-12.976693864669997
2022-09-02,95100.15016740057,-12.976693864669997
2022-09-06,95100.15016740057,-12.976693864669997
2022-09-07,95100.15016740057,-12.976693864669997
2022-09-08,95100.15016740057,-12.976693864669997
2022-09-09,95100.15016740057,-12.976693864669997
2022-09-12,95100.15016740057,-12.976693864669997
2022-09-13,95100.15016740057,-12.976693864669997
2022-09-14,95100.15016740057,-12.976693864669997
2022-09-15,95100.15016740057,-12.976693864669997
2022-09-16,95100.15016740057,-12.976693864669997
2022-09-19,95100.15016740057,-12.976693864669997
2022-09-20,95100.15016740057,-12.976693864669997
2022-09-21,95100.15016740057,-12.976693864669997
2022-09-22,95100.15016740057,-12.976693864669997
2022-09-23,95100.15016740057,-12.976693864669997
2022-09-26,95100.15016740057,-12.976693864669997
2022-09-27,95100.15016740057,-12.976693864669997
2022-09-28,95100.15016740057,-12.976693864669997
2022-09-29,95100.15016740057,-12.976693864669997
2022-09-30,95100.15016740057,-12.976693864669997
2022-10-03,95100.15016740057,-12.976693864669997
2022-10-04,95100.15016740057,-12.976693864669997
2022-10-05,95100.15016740057,-12.976693864669997
2022-10-06,95100.15016740057,-12.976693864669997
2022-10-07,95100.15016740057,-12.976693864669997
2022-10-10,95100.15016740057,-12.976693864669997
2022-10-11,95100.15016740057,-12.976693864669997
2022-10-12,95100.15016740057,-12.976693864669997
2022-10-13,95100.15016740057,-12.976693864669997
2022-10-14,95100.15016740057,-12.976693864669997
2022-10-17,95100.15016740057,-12.976693864669997
2022-10-18,95100.15016740057,-12.976693864669997
2022-10-19,95100.15016740057,-12.976693864669997
2022-10-20,95100.15016740057,-12.976693864669997
2022-10-21,95100.15016740057,-12.976693864669997
2022-10-24,95100.15016740057,-12.976693864669997
2022-10-25,95100.15016740057,-12.976693864669997
2022-10-26,95100.15016740057,-12.976693864669997
2022-10-27,95100.15016740057,-12.976693864669997
2022-10-28,95100.15016740057,-12.976693864669997
2022-10-31,95100.15016740057,-12.976693864669997
2022-11-01,95100.15016740057,-12.976693864669997
2022-11-02,95100.15016740057,-12.976693864669997
2022-11-03,95100.15016740057,-12.976693864669997
2022-11-04,95100.15016740057,-12.976693864669997
2022-11-07,95100.15016740057,-12.976693864669997
2022-11-08,95100.15016740057,-12.976693864669997
2022-11-09,95100.15016740057,-12.976693864669997
2022-11-10,95100.15016740057,-12.976693864669997
2022-11-11,95100.15016740057,-12.976693864669997
2022-11-14,95100.15016740057,-12.976693864669997
2022-11-15,95100.15016740057,-12.976693864669997
2022-11-16,95100.15016740057,-12.976693864669997
2022-11-17,95100.15016740057,-12.976693864669997
2022-11-18,95100.15016740057,-12.976693864669997
2022-11-21,95100.15016740057,-12.976693864669997
2022-11-22,95100.15016740057,-12.976693864669997
2022-11-23,95100.15016740057,-12.976693864669997
2022-11-25,95100.15016740057,-12.976693864669997
2022-11-28,95100.15016740057,-12.976693864669997
2022-11-29,95100.15016740057,-12.976693864669997
2022-11-30,95100.15016740057,-12.976693864669997
2022-12-01,95100.15016740057,-12.976693864669997
2022-12-02,95100.15016740057,-12.976693864669997
2022-12-05,95100.15016740057,-12.976693864669997
2022-12-06,95100.15016740057,-12.976693864669997
2022-12-07,95100.15016740057,-12.976693864669997
2022-12-08,95100.15016740057,-12.976693864669997
2022-12-09,95100.15016740057,-12.976693864669997
2022-12-12,95100.15016740057,-12.976693864669997
2022-12-13,95100.15016740057,-12.976693864669997
2022-12-14,95100.15016740057,-12.976693864669997
2022-12-15,95100.15016740057,-12.976693864669997
2022-12-16,95100.15016740057,-12.976693864669997
2022-12-19,95100.15016740057,-12.976693864669997
2022-12-20,95100.15016740057,-12.976693864669997
2022-12-21,95100.15016740057,-12.976693864669997
2022-12-22,95100.15016740057,-12.976693864669997
2022-12-23,95100.15016740057,-12.976693864669997
2022-12-27,95100.15016740057,-12.976693864669997
2022-12-28,95100.15016740057,-12.976693864669997
2022-12-29,95100.15016740057,-12.976693864669997
2022-12-30,95100.15016740057,-12.976693864669997
2023-01-03,95100.15016740057,-12.976693864669997
2023-01-04,95100.15016740057,-12.976693864669997
2023-01-05,95100.15016740057,-12.976693864669997
2023-01-06,95100.15016740057,-12.976693864669997
2023-01-09,95100.15016740057,-12.976693864669997
2023-01-10,95100.15016740057,-12.976693864669997
2023-01-11,95100.15016740057,-12.976693864669997
2023-01-12,95100.15016740057,-12.976693864669997
2023-01-13,95100.15016740057,-12.976693864669997
2023-01-17,95100.15016740057,-12.976693864669997
2023-01-18,95100.15016740057,-12.976693864669997
2023-01-19,95100.15016740057,-12.976693864669997
2023-01-20,95100.15016740057,-12.976693864669997
2023-01-23,95100.15016740057,-12.976693864669997
2023-01-24,95100.15016740057,-12.976693864669997
2023-01-25,95100.15016740057,-12.976693864669997
2023-01-26,95006.09507382842,-13.0627608707379
2023-01-27,95222.19213298314,-12.86501690818197
2023-01-30,94039.39503671396,-13.947359192851627
2023-01-31,95408.08885494192,-12.6949083719063
2023-02-01,96411.96081986239,-11.77629512923346
2023-02-02,97801.59165967781,-10.504685465363483
2023-02-03,96772.15472365853,-11.44669244929073
2023-02-06,96186.5485289989,-11.98256318201729
2023-02-07,97432.11219051592,-10.84278508874994
2023-02-08,96377.0954502263,-11.808199387323715
2023-02-09,95549.84205848465,-12.565194250468547
2023-02-10,95770.61156666526,-12.363174669406584
2023-02-13,96883.6927568338,-11.344627327525325
2023-02-14,96839.55665500349,-11.385014955667227
2023-02-15,97150.92717477192,-11.100089095764499
2023-02-16,95826.36945837426,-12.312152288567946
2023-02-17,95589.35021080359,-12.529041520656437
2023-02-21,93690.81550621075,-14.26633390679366
2023-02-22,93563.01290047391,-14.383282252977681
2023-02-23,94055.65960927552,-13.932475968433023
2023-02-24,93061.08062630656,-14.842585480966076
2023-02-27,93374.7947871737,-14.555515025114286
2023-02-28,93033.1942638663,-14.868103458081439
2023-03-01,92679.97195068022,-15.19132664374533
2023-03-02,93393.3807510767,-14.538507564834745
2023-03-03,94875.95624357864,-13.181847026174943
2023-03-06,94941.0145338249,-13.122314128500479
2023-03-07,93500.26116839758,-14.440704488183286
2023-03-08,93651.31477047756,-14.302479849909721
2023-03-09,91941.01301235644,-15.867525890518252
2023-03-10,90628.06966925172,-17.068961117321003
2023-03-13,90500.25964692915,-17.18591625020105
2023-03-14,91980.51374808964,-15.83137994740219
2023-03-15,91411.2017923346,-16.35234030892596
2023-03-16,92998.32147764448,-14.900014502867709
2023-03-17,91922.04880257993,-15.884879472295898
2023-03-20,92796.79059291333,-15.084429394398502
2023-03-21,94002.77935283961,-13.98086511120763
2023-03-22,92416.57190757764,-15.432356153652794
2023-03-23,92663.83346007651,-15.206094494331236
2023-03-24,93265.65231119741,-14.655388044058348
2023-03-27,93438.25851148255,-14.497441267088718
2023-03-28,93230.6608596035,-14.687407675981301
2023-03-29,94571.9355602938,-13.460047270300713
2023-03-30,95120.11024664599,-12.958428992494698
2023-03-31,96447.39726660162,-11.743868295548044
2023-04-03,96811.2772135182,-11.410892627672764
2023-04-04,96279.45609875664,-11.89754624070768
2023-04-05,96029.83607198756,-12.125966069370374
2023-04-06,96400.72469244298,-11.786576973736063
2023-04-10,96498.7052068574,-11.696917932334195
2023-04-11,96524.3740101568,-11.673429177335182
2023-04-12,96134.80301018356,-12.029913960297577
2023-04-13,97399.10838390444,-10.872985886133824
2023-04-14,97163.50570421305,-11.08857885927842
2023-04-17,97508.7551877121,-10.772651371858943
2023-04-18,97571.72200077533,-10.715032322468144
2023-04-19,97555.40551211349,-10.72996305375904
2023-04-20,97028.2271800348,-11.212368195072086
2023-04-21,97102.87511566277,-11.144060099416198
2023-04-24,97203.17702141863,-11.052276822153395
2023-04-25,95675.28618995126,-12.450404073625664
2023-04-26,95274.06373375632,-12.817550756068973
2023-04-27,97151.85424799134,-11.099240758759333
2023-04-28,97972.95187355604,-10.347878853328785
2023-05-01,97874.98619231312,-10.437524321338575
2023-05-02,96785.61582680455,-11.434374595975738
2023-05-03,96127.80916981623,-12.036313814664545
2023-05-04,95453.68602416605,-12.653183764644261
2023-05-05,97203.17702141863,-11.052276822153395
2023-05-08,97228.83840813226,-11.028794853850442
2023-05-09,96806.61959766381,-11.41515467278672
2023-05-10,97254.49237826015,-11.005319672243507
2023-05-11,97086.53637724364,-11.159011190795242
2023-05-12,96960.57308477415,-11.274276436361008
2023-05-15,97291.82005436701,-10.971162231067556
2023-05-16,96648.00107811335,-11.560301741022428
2023-05-17,97809.66090497967,-10.497301540070525
2023-05-18,98742.72672569344,-9.643480884504186
2023-05-19,98600.41727821907,-9.773704008145023
2023-05-22,98640.10342859615,-9.737388397627921
2023-05-23,97543.73922272025,-10.74063852663205
2023-05-24,96843.94727377068,-11.380997231610756
2023-05-25,97674.3675476299,-10.62110444925628
2023-05-26,98926.99179878605,-9.474865421357581
2023-05-30,98964.32689147867,-9.440701193485578
2023-05-31,98420.81723756662,-9.93805063948161
2023-06-01,99346.88180132731,-9.090636624978266
2023-06-02,100769.79086142716,-7.788575055970881
2023-06-05,100578.51711479572,-7.9636039468765185
2023-06-06,100795.46708131231,-7.7650795142758415
2023-06-07,100450.2101812275,-8.081013788391356
2023-06-08,101052.05128210569,-7.530286978030343
2023-06-09,101231.66615592966,-7.3659267733016565
2023-06-12,102141.40681444274,-6.533450276785269
2023-06-13,102808.52870313983,-5.922986967868571
2023-06-14,102929.83437975496,-5.811983767416729
2023-06-15,104194.11750371857,-4.655076053341101
2023-06-16,103842.45267354113,-4.976874032836309
2023-06-20,103308.65133038287,-5.465339693714255
2023-06-21,102784.18746869065,-5.945260904276184
2023-06-22,103151.76829189916,-5.60889867507629
2023-06-23,102379.13063766017,-6.315916308572856
2023-06-26,101964.72149199215,-6.695129736577621
2023-06-27,103072.1809101581,-5.6817267102956865
2023-06-28,103123.68168164352,-5.63459989298476
2023-06-29,103526.38003840379,-5.266102658029226
2023-06-30,104736.84841612632,-4.158439210429399
2023-07-03,104856.25544678805,-4.0491734041641525
2023-07-05,104701.73088257456,-4.19057421618505
2023-07-06,103889.29582917216,-4.934009260639327
2023-07-07,103629.39641454612,-5.171835450015294
2023-07-10,103889.29582917216,-4.934009260639327
2023-07-11,104544.8552606766,-4.334126410851047
2023-07-12,105378.36083421006,-3.5714103629433724
2023-07-13,106207.19395871762,-2.8129699335417424
2023-07-14,106141.63875722575,-2.872957539850962
2023-07-17,106506.86110616405,-2.5387534799922062
2023-07-18,107291.20954931079,-1.8210196534464207
2023-07-19,107527.69480270708,-1.6046190634728896
2023-07-20,106820.61234995996,-2.251649090660224
2023-07-21,106820.61234995996,-2.251649090660224
2023-07-24,107293.5531904095,-1.81887505749736
2023-07-25,107583.8976895614,-1.553189480871775
2023-07-26,107600.2735109093,-1.5382044560125374
2023-07-27,106893.19847474793,-2.185227696503833
2023-07-28,107930.40799263887,-1.2361082551252678
2023-07-31,108134.08968723906,-1.0497252217425146
2023-08-01,107827.39161649653,-1.3303754631391995
2023-08-02,106340.6405862143,-2.6908569116702807
2023-08-03,106038.62238108342,-2.967224747864894
2023-08-04,105563.33048294942,-3.402150163672868
2023-08-07,106476.43085480969,-2.5665992938497584
2023-08-08,106017.53702778085,-2.9865193247103683
2023-08-09,105315.15669040264,-3.629246586607504
2023-08-10,105352.6030318816,-3.594980558294869
2023-08-11,105291.72769600138,-3.650685759402028
2023-08-14,105867.69974576477,-3.1236309448331445
2023-08-15,104645.53541230598,-4.241997012090137
2023-08-16,103884.6159635605,-4.93829166584141
2023-08-17,103100.27493699951,-5.656018705691168
2023-08-18,103149.42465080046,-5.611043271025351
2023-08-21,103814.37347987122,-5.0025684640487516
2023-08-22,103535.7546027986,-5.257524274233005
2023-08-23,104678.30930475904,-4.212006602283546
2023-08-24,103240.7376546208,-5.5274854693646125
2023-08-25,103961.85970420287,-4.867608226571063
2023-08-28,104615.09774436588,-4.269849612643705
2023-08-29,106113.54473038434,-2.898665544455481
2023-08-30,106546.68075508473,-2.5023157089463677
2023-08-31,106392.14877428547,-2.643723307663315
2023-09-01,106588.83662851834,-2.463740128647507
2023-09-05,106132.24935965943,-2.8815494970392708
2023-09-06,105425.17432349807,-3.5285727375305664
2023-09-07,105104.42182274906,-3.822083767925566
2023-09-08,105261.29744464702,-3.678531573259569
2023-09-11,105947.30196067733,-3.050789336221671
2023-09-12,105371.3373274997,-3.577837364094516
2023-09-13,105493.08058267439,-3.4664337485762475
2023-09-14,106394.48499879842,-2.6415854984102927
2023-09-15,105124.06094182933,-3.8041125968081513
2023-09-18,105185.17360845373,-3.748190221427672
2023-09-19,104968.98755026994,-3.9460156243360966
2023-09-20,104012.73006589907,-4.821058278423651
2023-09-21,102309.3034827732,-6.379813051801875
2023-09-22,102081.3843859244,-6.588375007847668
2023-09-25,102506.64399655255,-6.199232643534436
2023-09-26,101014.67168989853,-7.564491926078598
2023-09-27,101054.61742077705,-7.527938781200049
2023-09-28,101634.9504229646,-6.996893389358871
2023-09-29,101390.60358866761,-7.220487877136184
2023-10-02,101350.65785778909,-7.257041022014732
2023-10-03,100006.7057696411,-8.486851424966224
2023-10-04,100728.02806703857,-7.826790941379558
2023-10-05,100690.42597725875,-7.861199490309046
2023-10-06,101874.6248082357,-6.777574520087581
2023-10-09,102520.7503426593,-6.186324347663841
2023-10-10,103049.39715871755,-5.70257544053463
2023-10-11,103467.61842946385,-5.319873650764606
2023-10-12,102842.63758102886,-5.891774952774542
2023-10-13,102335.13545095922,-6.356174989489949
2023-10-16,103401.83331381356,-5.380071644651108
2023-10-17,103397.1386150304,-5.384367623245268
2023-10-18,102032.03442430805,-6.633533683306602
2023-10-19,101143.89086351465,-7.4462473209506825
2023-10-20,99912.72279494883,-8.572852437201838
2023-10-23,99741.19199959823,-8.729815143245478
2023-10-24,100486.01745725452,-8.048247619903858
2023-10-25,99057.47920856634,-9.355460291206608
2023-10-26,97882.69202491298,-10.430472944151647
2023-10-27,97443.31123500655,-10.832537177727552
2023-10-30,98596.96856584282,-9.77685982180423
2023-10-31,99111.9423424005,-9.305622704616079
2023-11-01,99111.9423424005,-9.305622704616079
2023-11-02,99111.9423424005,-9.305622704616079
2023-11-03,99111.9423424005,-9.305622704616079
2023-11-06,99111.9423424005,-9.305622704616079
2023-11-07,99013.91954228167,-9.395320440402699
2023-11-08,99085.71967279841,-9.329618286120967
2023-11-09,98320.70376397175,-10.029661488103647
2023-11-10,99839.51127874816,-8.63984610835532
2023-11-13,99745.2837872149,-8.726070870646751
2023-11-14,101661.19085014463,-6.972881558424948
2023-11-15,101874.30389164487,-6.777868181271907
2023-11-16,101997.70040749991,-6.664951716299095
2023-11-17,102123.32762077214,-6.549994006765791
2023-11-20,102901.805611472,-5.837632055864139
2023-11-21,102679.71312767023,-6.040862252390811
2023-11-22,103072.30879151457,-5.681609689887068
2023-11-24,103135.12239815069,-5.624130835120411
2023-11-27,102951.17129939311,-5.792458989733551
2023-11-28,103052.12629107344,-5.700078093053341
2023-11-29,102980.3261605567,-5.765780247335083
2023-11-30,103381.90834828168,-5.398304385316244
2023-12-01,103987.63829836357,-4.844019005235067
2023-12-04,103446.98097865138,-5.338758365423257
2023-12-05,103426.77723347292,-5.357246209013944
2023-12-06,103013.98490602923,-5.734980134966894
2023-12-07,103792.46289672909,-5.02261818406523
2023-12-08,104234.42424849456,-4.6181925554309
2023-12-11,104635.99227306135,-4.2507296536949735
2023-12-12,105109.36750972398,-3.8175581175358464
2023-12-13,106545.16475426493,-2.503702956003395
2023-12-14,106883.9262537747,-2.193712428892669
2023-12-15,106709.57069470055,-2.353259991824974
2023-12-18,107304.2604629622,-1.809077152282823
2023-12-19,107950.71657446059,-1.2175244786545192
2023-12-20,106468.54914995872,-2.5738116064791927
2023-12-21,107468.68056655602,-1.6586212278214885
2023-12-22,107682.66464228583,-1.4628107932686318
2023-12-26,108133.1805416067,-1.050557153748366
2023-12-27,108326.91130110435,-0.8732799237764155
2023-12-28,108367.44625988508,-0.8361875940487651
2023-12-29,108056.5932636169,-1.1206398836583253
2024-01-02,107457.4208557836,-1.6689246527458401
2024-01-03,106587.95165520014,-2.4645499412908722
2024-01-04,106247.81632934455,-2.7757976158452102
2024-01-05,106391.97603512713,-2.6438813761062274
2024-01-08,107896.67704433204,-1.266974438149926
2024-01-09,107734.4805565763,-1.4153955981922373
2024-01-10,108338.17101187678,-0.8629764988520638
2024-01-11,108290.86606347439,-0.9062638438172566
2024-01-12,108365.1872361515,-0.8382547591750944
2024-01-16,107970.99821700915,-1.1989653535077638
2024-01-17,107376.34385664303,-1.7431157923426088
2024-01-18,108322.40741679538,-0.8774012937461606
2024-01-19,109660.40805393558,0.0
2024-01-22,109890.169887905,0.0
2024-01-23,110207.77162905752,0.0
2024-01-24,110327.17413429896,0.0
2024-01-25,110921.82849466508,0.0
2024-01-26,110782.1726731915,-0.12590472350562099
2024-01-29,111651.64187377493,0.0
2024-01-30,111566.0539087463,-0.07665625295989464
2024-01-31,109761.76669562473,-1.6926532798207883
2024-02-01,111185.37654253087,-0.41760723211862194
2024-02-02,112345.43125999212,0.0
2024-02-05,111939.98253007737,-0.3608947202992763
2024-02-06,112262.08815553888,-0.07418468514343024
2024-02-07,113190.13617845534,0.0
2024-02-08,113239.68598743311,0.0
2024-02-09,113888.4365305606,0.0
2024-02-12,113838.87964000372,-0.0435135401508302
2024-02-13,112284.60757708372,-1.4082456501600338
2024-02-14,113296.00578603255,-0.5201851588937045
2024-02-15,114070.87925296942,0.0
2024-02-16,113507.75208276608,-0.49366426724433143
2024-02-20,112888.2980323842,-1.0367073773163926
2024-02-21,112989.64959249424,-0.9478577420950596
2024-02-22,115307.51416684137,0.0
2024-02-23,115386.37463172297,0.0
2024-02-26,114967.37884098578,-0.3631241488212922
2024-02-27,115179.12513771931,-0.1796134896040691
2024-02-28,115028.2166870524,-0.3103988194565477
2024-02-29,115438.17638285524,0.0
2024-03-01,116512.62897212965,0.0
2024-03-04,116388.74382731656,-0.10632765383975507
2024-03-05,115235.45201789786,-1.096170402727159
2024-03-06,115814.33570160349,-0.5993283961459595
2024-03-07,116954.13710283258,0.0
2024-03-08,116258.10285604,-0.5951343526912511
2024-03-11,116158.98199334714,-0.6798862607026002
2024-03-12,117397.89717569,0.0
2024-03-13,117215.42612696478,-0.15542957166613247
2024-03-14,116985.67137457448,-0.3511355918910608
2024-03-15,116189.18492821783,-1.0295859436590171
2024-03-18,116873.81783265594,-0.4464128878303053
2024-03-19,117517.78830988948,0.0
2024-03-20,118595.58340450011,0.0
2024-03-21,118984.22046562636,0.0
2024-03-22,118760.5487896848,-0.18798431848042751
2024-03-25,118435.164393099,-0.4614528467545731
2024-03-26,118218.2556252,-0.6437532955453018
2024-03-27,119203.38117567984,0.0
2024-03-28,119180.82634623948,-0.018921300065399826
2024-04-01,118975.184370692,-0.19143484248279607
2024-04-02,118225.03269640077,-0.820738866322257
2024-04-03,118353.81121237345,-0.7127062629660785
2024-04-04,116921.28565737768,-1.914455358391931
2024-04-05,118132.38439700728,-0.8984617450524701
2024-04-08,118197.8890037022,-0.8435097746898212
2024-04-09,118333.47999877116,-0.729762166415926
2024-04-10,117158.51147572076,-1.7154460551294104
2024-04-11,118035.23221330481,-0.9799629430422119
2024-04-12,116419.65492009746,-2.335274577052293
2024-04-15,114973.56105954197,-3.5484061562851443
2024-04-16,114765.67422341912,-3.722802917578738
2024-04-17,114092.32935606984,-4.287673528385428
2024-04-18,113859.59325887753,-4.4829163938955086
2024-04-19,112874.4464636604,-5.309358383628371
2024-04-22,113904.80205986569,-4.444990623214961
2024-04-23,115244.69347862617,-3.3209525250122107
2024-04-24,115190.46274586186,-3.3664468157189376
2024-04-25,114756.63104690566,-3.730389259865574
2024-04-26,115834.4473862536,-2.8262065691418314
2024-04-29,116241.15663724855,-2.485017211102103
2024-04-30,114415.44764734295,-4.0166088252819865
2024-05-01,114047.1488813981,-4.325575536051762
2024-05-02,115104.60568082734,-3.43847251179209
2024-05-03,116519.0873722708,-2.251860456418575
2024-05-06,117712.12100361081,-1.251021705392097
2024-05-07,117840.89951958349,-1.1429891020359184
2024-05-08,117852.20171983053,-1.1335076593657734
2024-05-09,118525.5395056007,-0.568642989312651
2024-05-10,118676.93658522566,-0.441635619109082
2024-05-13,118692.74266978167,-0.4283758571794194
2024-05-14,119232.79097369108,0.0
2024-05-15,120696.95702411528,0.0
2024-05-16,120450.67386610054,-0.20405084277770325
2024-05-17,120622.3879961696,-0.06178202813413858
2024-05-20,120760.25217813034,0.0
2024-05-21,121053.96775297131,0.0
2024-05-22,120708.28755067872,-0.285558754255788
2024-05-23,119833.82583682825,-1.0079321965166255
2024-05-24,120620.1502171733,-0.3583670521921878
2024-05-28,120703.74117689514,-0.28931441288306825
2024-05-29,119865.45216909848,-0.9818063843212155
2024-05-30,119076.86876501984,-1.6332376580881935
2024-05-31,120152.39775431779,-0.7447669955711889
2024-06-03,120249.59950907396,-0.6644707801224503
2024-06-04,120382.87482777651,-0.554374992948814
2024-06-05,121801.86748510806,0.0
2024-06-06,121799.64386926999,-0.0018256007760619752
2024-06-07,121652.7577555331,-0.12241990427050986
2024-06-10,122025.56040578692,0.0
2024-06-11,122317.0382016316,0.0
2024-06-12,123313.50136025398,0.0
2024-06-13,123559.81284458513,0.0
2024-06-14,123634.36770937261,0.0
2024-06-17,124610.49257281361,0.0
2024-06-18,124924.56060599418,0.0
2024-06-20,124587.88817231954,-0.269500594632055
2024-06-21,124422.16505817091,-0.40215914739760716
2024-06-24,124020.95111255924,-0.7233241318213457
2024-06-25,124494.7229176516,-0.3440778068439787
2024-06-26,124648.87473154729,-0.22068188441853875
2024-06-27,124843.8022779132,-0.0646456771104309
2024-06-28,124356.43384094471,-0.4547758761716314
2024-07-01,124610.33677807337,-0.25153086502489597
2024-07-02,125442.2665278363,0.0
2024-07-03,125997.64645050187,0.0
2024-07-05,126718.48038731019,0.0
2024-07-08,126863.58194311334,0.0
2024-07-09,126985.96579315678,0.0
2024-07-10,128232.73444672392,0.0
2024-07-11,127135.55707011069,-0.8556141154964281
2024-07-12,127931.24329802878,-0.23511246952344633
2024-07-15,128280.3084951322,0.0
2024-07-16,129035.17650110548,0.0
2024-07-17,127239.85456712723,-1.3913430295985019
2024-07-18,126269.63574065742,-2.1432456136674993
2024-07-19,125437.7201540527,-2.78796561108432
2024-07-22,126720.7606557811,-1.793631711973176
2024-07-23,126523.55284094429,-1.9464643117217517
2024-07-24,123678.6700682357,-4.151198594147609
2024-07-25,123039.4159226842,-4.646609351807185
2024-07-26,124406.31648414029,-3.587285376345062
2024-07-29,124478.84601730456,-3.5310762594740086
2024-07-30,123853.2026667874,-4.01593888955829
2024-07-31,125850.29295254425,-2.4682289240205324
2024-08-01,124082.15011916005,-3.838508627066506
2024-08-02,121790.42365327898,-5.614556467681064
2024-08-05,118272.28807374944,-8.341049874306039
2024-08-06,119353.54606054103,-7.503093887333511
2024-08-07,118562.41328798562,-8.116207918722173
2024-08-08,121280.35167370898,-6.0098533110698344
2024-08-09,121810.77611161857,-5.5987836692152015
2024-08-12,121874.28371300669,-5.549566391330075
2024-08-13,123862.26708803816,-4.008914121974327
2024-08-14,124249.92689124831,-3.7084845695671054
2024-08-15,126362.58854795231,-2.071208817333836
2024-08-16,126643.68474883324,-1.853364188835549
2024-08-19,127845.08880667198,-0.9222971027774807
2024-08-20,127638.8024074262,-1.0821654463093688
2024-08-21,128074.03625904463,-0.7448668402856962
2024-08-22,127076.63833198076,-1.517832750907222
2024-08-23,128416.34562968458,-0.47958307819697676
2024-08-26,128112.57421251856,-0.7150006018544985
2024-08-27,128287.12097422847,-0.5797299210658302
2024-08-28,127548.14403176043,-1.152424098348337
2024-08-29,127559.46039516568,-1.1436541150677382
2024-08-30,128767.6910952589,-0.20729650092298213
2024-09-03,126138.17330620503,-2.245126696033639
2024-09-04,125882.01842692189,-2.443642237476673
2024-09-05,125578.27533607227,-2.679037808735507
2024-09-06,123481.4480902407,-4.304042170095535
2024-09-09,124852.86669916396,-3.241216787040768
2024-09-10,125392.38388464072,-2.823100425203473
2024-09-11,126668.61190727282,-1.8340460779796675
2024-09-12,127727.23716725392,-1.0136300575683377
2024-09-13,128389.12403961591,-0.5006793333475534
2024-09-16,128577.28159636016,-0.3548605249835912
2024-09-17,128629.43034486842,-0.3144461589771108
2024-09-18,128250.86328922544,-0.607828991401671
2024-09-19,130422.48617353398,0.0
2024-09-20,130198.7366002223,-0.17155751272366349
2024-09-23,130521.59995464774,0.0
2024-09-24,130892.24980485451,0.0
2024-09-25,130605.72911438133,-0.21889813254821755
2024-09-26,131119.62514666648,0.0
2024-09-27,130930.90106359406,-0.14393275061709287
2024-09-30,131451.5954118173,0.0
2024-10-01,130282.8515967977,-0.8891058426169107
2024-10-02,130337.4364085171,-0.8475811950472978
2024-10-03,130100.96831913796,-1.0274710538491716
2024-10-04,131274.24434478296,-0.13491739410140813
2024-10-07,130096.42194535438,-1.0309296454085515
2024-10-08,131317.4561404643,-0.10204461264451403
2024-10-09,132220.14502861595,0.0
2024-10-10,131990.47525517485,-0.17370255749711294
2024-10-11,132774.91593547873,0.0
2024-10-14,133852.73227482667,0.0
2024-10-15,132820.407999631,-0.771238851573175
2024-10-16,133393.3927279445,-0.3431678525164905
2024-10-17,133404.76574398257,-0.3346711891725418
2024-10-18,133914.10123932594,0.0
2024-10-21,133695.81864508113,-0.16300194843162918
2024-10-22,133625.32860669828,-0.2156401976753597
2024-10-23,132413.38715915554,-1.1206542599187408
2024-10-24,132697.64174431603,-0.9083879022089736
2024-10-25,132652.13551700558,-0.9423695567840396
2024-10-28,133059.15635748103,-0.6384278234575103
2024-10-29,133272.89257794226,-0.4788208675931327
2024-10-30,132872.71254287948,-0.7776542476175319
2024-10-31,130287.39797058128,-2.708231048993981
2024-11-01,130833.11861935152,-2.3007156016140673
2024-11-04,130553.45289744923,-2.5095552378540775
2024-11-05,132120.0964790607,-1.3396682975596819
2024-11-06,135380.65378190755,0.0
2024-11-07,136419.80469935774,0.0
2024-11-08,137006.44271218023,0.0
2024-11-11,137136.04977290786,0.0
2024-11-12,136713.10954261076,-0.3084092264561189
2024-11-13,136779.05320721003,-0.2603229174888755
2024-11-14,135905.9228302308,-0.897012087422755
2024-11-15,134177.83340824838,-2.157139840004274
2024-11-18,134723.58238333504,-1.7591781253490812
2024-11-19,135212.42378875677,-1.4027135733722385
2024-11-20,135257.88752659262,-1.3695612856177597
2024-11-21,135978.67897392632,-0.8439580992001039
2024-11-22,136397.0586672816,-0.5388744293349457
2024-11-25,136856.38405100556,-0.20393304485977204
2024-11-26,137565.80248230122,0.0
2024-11-27,137151.9549995713,-0.30083601829981044
2024-11-29,137997.82129700726,0.0
2024-12-02,138243.35380763718,0.0
2024-12-03,138307.03136692374,0.0
2024-12-04,139159.71014345597,0.0
2024-12-05,138932.3206384858,-0.1634018242318569
2024-12-06,139193.81502841195,0.0
2024-12-09,138482.13049180363,-0.5112903446629735
2024-12-10,138054.65805088115,-0.8183962608527384
2024-12-11,139114.23224246193,-0.05717408200484053
2024-12-12,138402.57603217,-0.5684440763983889
2024-12-13,138375.2552999939,-0.5880719112777766
2024-12-16,138961.8791496582,-0.1666280062130654
2024-12-17,138393.42663197004,-0.5750172134290077
2024-12-18,134298.37604772527,-3.5169946162388332
2024-12-19,134257.4445205148,-3.5464007555863986
2024-12-20,135858.09384497482,-2.396457904940852
2024-12-23,136665.70545210096,-1.8162513728034235
2024-12-24,138173.74188506298,-0.7328437281072797
2024-12-26,138182.87712210478,-0.7262807662113513
2024-12-27,136738.73069580237,-1.7637883781750352
2024-12-30,135189.62110404784,-2.87670391356597
2024-12-31,134701.4170407453,-3.2274408074451255
2025-01-02,134372.88842303812,-3.463463232464592
2025-01-03,136040.61446475377,-2.2653309437740132
2025-01-06,136818.56841860007,-1.7064311437451796
2025-01-07,135283.1687639873,-2.809497148724893
2025-01-08,135479.3709945916,-2.668541007416292
2025-01-10,133426.06713392187,-4.143681163787905
2025-01-13,133631.41876472614,-3.996151885448662
2025-01-14,133813.91105818865,-3.865045274551293
2025-01-15,136229.96172678718,-2.129299567671017
2025-01-16,135969.89781583965,-2.316135391442675
2025-01-17,137325.05711914436,-1.342558150939499
2025-01-21,138572.98715168427,-0.44601685541915126
2025-01-22,139346.40889490518,0.0
2025-01-23,140101.56016404254,0.0
2025-01-24,139695.4457656922,-0.28987143174911134
2025-01-27,137733.43762280743,-1.690289914303822
2025-01-28,138908.3849011205,-0.8516502325348618
2025-01-29,138290.0922297114,-1.2929677101455095
2025-01-30,139026.9871879234,-0.7669957242881109
2025-01-31,138292.38666134048,-1.2913300184407173
2025-02-03,137368.41054640774,-1.9508345334874222
2025-02-04,138283.2655874569,-1.2978403484276924
2025-02-05,138839.90603120267,-0.9005282534774284
2025-02-06,139319.03151009625,-0.5585438542083709
2025-02-07,138052.8593297892,-1.4622969450551082
2025-02-10,138983.6620869764,-0.7979197917262426
2025-02-11,139088.58276295394,-0.7230307784599432
2025-02-12,138643.7179637566,-1.0405610034456392
2025-02-13,140096.99962710077,-0.003255164993476445
2025-02-14,140090.14465852987,-0.008148021691767315
2025-02-18,140498.5109990347,0.0
2025-02-19,140827.05377990007,0.0
2025-02-20,140245.30205665808,-0.41309656605557077
2025-02-21,137863.4695782812,-2.104413975918784
2025-02-24,137240.6446962467,-2.546676215536414
2025-02-25,136563.05088143612,-3.0278293722797
2025-02-26,136631.48726187935,-2.979233325848041
2025-02-27,134466.40775666118,-4.516636436334176
2025-02-28,136549.36927061077,-3.037544558714511
2025-03-03,134174.39176080475,-4.723994318231517
2025-03-04,132597.93311055767,-5.843423155187056
2025-03-05,134012.40772042205,-4.8390177004829615
2025-03-06,131651.1259845996,-6.515742216436349
2025-03-07,132383.46040586982,-5.995718256825022
2025-03-10,128883.7581767432,-8.480824729759073
2025-03-11,127820.58654297852,-9.235773161348304
2025-03-12,128493.6056576891,-8.757868457212092
2025-03-13,126793.95585738096,-9.964774200596127
2025-03-14,129264.09744004598,-8.210749305261999
2025-03-17,129264.09744004598,-8.210749305261999
2025-03-18,129264.09744004598,-8.210749305261999
2025-03-19,129264.09744004598,-8.210749305261999
2025-03-20,129264.09744004598,-8.210749305261999
2025-03-21,129264.09744004598,-8.210749305261999
2025-03-24,129264.09744004598,-8.210749305261999
2025-03-25,129264.09744004598,-8.210749305261999
2025-03-26,129264.09744004598,-8.210749305261999
2025-03-27,129264.09744004598,-8.210749305261999
2025-03-28,129264.09744004598,-8.210749305261999
2025-03-31,129264.09744004598,-8.210749305261999
2025-04-01,129264.09744004598,-8.210749305261999
2025-04-02,129264.09744004598,-8.210749305261999
2025-04-03,129264.09744004598,-8.210749305261999
2025-04-04,129264.09744004598,-8.210749305261999
2025-04-07,129264.09744004598,-8.210749305261999
2025-04-08,129264.09744004598,-8.210749305261999
2025-04-09,129264.09744004598,-8.210749305261999
2025-04-10,129264.09744004598,-8.210749305261999
2025-04-11,129264.09744004598,-8.210749305261999
2025-04-14,129264.09744004598,-8.210749305261999
2025-04-15,129264.09744004598,-8.210749305261999
2025-04-16,129264.09744004598,-8.210749305261999
2025-04-17,129264.09744004598,-8.210749305261999
2025-04-21,129264.09744004598,-8.210749305261999
2025-04-22,129264.09744004598,-8.210749305261999
2025-04-23,129264.09744004598,-8.210749305261999
2025-04-24,129264.09744004598,-8.210749305261999
2025-04-25,129264.09744004598,-8.210749305261999
2025-04-28,129264.09744004598,-8.210749305261999
2025-04-29,129264.09744004598,-8.210749305261999
2025-04-30,129264.09744004598,-8.210749305261999
2025-05-01,129264.09744004598,-8.210749305261999
2025-05-02,129264.09744004598,-8.210749305261999
2025-05-05,129264.09744004598,-8.210749305261999
2025-05-06,129264.09744004598,-8.210749305261999
2025-05-07,129264.09744004598,-8.210749305261999
2025-05-08,129264.09744004598,-8.210749305261999
2025-05-09,129264.09744004598,-8.210749305261999
2025-05-12,129264.09744004598,-8.210749305261999
2025-05-13,129264.09744004598,-8.210749305261999
2025-05-14,129264.09744004598,-8.210749305261999
2025-05-15,129264.09744004598,-8.210749305261999
2025-05-16,129136.2538271932,-8.301529882872172
2025-05-19,129276.10499878436,-8.20222284786899
2025-05-20,128845.79165286964,-8.507784410342111
2025-05-21,126696.42216604145,-10.034031980775172
2025-05-22,126745.93336923856,-9.998874529228619
2025-05-23,125889.59462991837,-10.606952818403482
2025-05-27,128480.05061042524,-8.767493772022018
2025-05-28,127744.21398991371,-9.290004611211744
2025-05-29,128243.37427518534,-8.93555546818574
2025-05-30,128101.37912733956,-9.036384921074603
2025-06-02,128815.69608556855,-8.52915499681204
2025-06-03,129542.89021794805,-8.01278110922362
2025-06-04,129508.4800648923,-8.037215443488355
2025-06-05,128888.81766081203,-8.477232036499483
2025-06-06,130199.10675133871,-7.546807764062069
2025-06-09,130315.29428439267,-7.4643040618717515
2025-06-10,131046.81631914954,-6.94485697047682
2025-06-11,130676.74737432778,-7.2076395359632395
2025-06-12,131190.95544324996,-6.842505099702267
2025-06-13,129738.6845215002,-7.873749369016836
2025-06-16,130960.75098664206,-7.005971174173786
2025-06-17,129852.72807829954,-7.792768084712199
2025-06-18,129833.35239227161,-7.806526581753692
2025-06-20,129531.46455567179,-8.020894367272835
2025-06-23,130798.14170685729,-7.121438533193391
2025-06-24,132228.8130665883,-6.105531914876272
2025-06-25,132302.18765766307,-6.0534292903411835
2025-06-26,133327.18142347364,-5.3255906128293
2025-06-27,133983.17157427839,-4.859778019866878
2025-06-30,134617.5754796871,-4.409293621890164
2025-07-01,134574.44293876312,-4.439921643826484
2025-07-02,135178.65806051187,-4.010874024401689
2025-07-03,136233.8672432278,-3.2615796563144728
2025-07-07,135228.26248006785,-3.975650380773166
2025-07-08,135154.91452223848,-4.027734093284829
2025-07-09,135957.6405385701,-3.4577257072639145
2025-07-10,136337.43061796256,-3.1880402532274754
2025-07-11,135862.70633534467,-3.525137614761309
2025-07-14,136119.47745423828,-3.3428067969236253
2025-07-15,135543.32045651757,-3.7519305996705055
2025-07-16,135992.15722460745,-3.4332157249054807
2025-07-17,136816.4694863351,-2.847879143898846
2025-07-18,136717.22069735502,-2.9183547991910364
2025-07-21,136974.0051328713,-2.736014525341657
2025-07-22,136993.43408539,-2.722218204253335
2025-07-23,138147.89205708602,-1.902448180873928
2025-07-24,138193.20852413276,-1.870269373016764
2025-07-25,138771.52281473076,-1.4596136963725193
2025-07-28,138737.00612869344,-1.4841236787309309
2025-07-29,138374.48770894235,-1.741544685576435
2025-07-30,138201.83769564208,-1.8641418774271612
2025-07-31,137688.2688246095,-2.2288224251259425
2025-08-01,135452.67420580145,-3.816297671396496
2025-08-04,137491.90190628127,-2.3682607738363504
2025-08-05,136801.36843619376,-2.8586022611806428
2025-08-06,137839.3325925137,-2.1215534282609583
2025-08-07,137724.95612014688,-2.2027711128583927
2025-08-08,138788.78115774944,-1.4473587051933023
2025-08-11,138516.8956720918,-1.6404220963245009
2025-08-12,139977.78244872822,-0.6030597874320254
2025-08-13,140452.53336459148,-0.2659435138747779
2025-08-14,140465.46380523278,-0.25676172650208606
2025-08-15,140139.6193643964,-0.48814087709174725
2025-08-18,140109.41726411373,-0.5095871116553741
2025-08-19,139356.2956673381,-1.0443718540477542
2025-08-20,138989.46266183234,-1.3048566086880764
2025-08-21,138437.06251900774,-1.6971108865400764
2025-08-22,140543.15298206222,-0.20159535417219043
2025-08-25,139930.30868880416,-0.6367704691865872
2025-08-26,140510.78027227952,-0.2245829186449222
2025-08-27,140827.99554160656,0.0
2025-08-28,141322.13546012045,0.0
2025-08-29,140487.05005062884,-0.5909091359062146
2025-09-02,139455.58440618627,-1.3207775610360017
2025-09-03,140204.36478396182,-0.7909381446291941
2025-09-04,141365.30795091254,0.0
2025-09-05,140959.61704036937,-0.2869805303887141
2025-09-08,141302.73314084715,-0.04426461553573846
2025-09-09,141626.4069721835,0.0
2025-09-10,142032.084566104,0.0
2025-09-11,143201.67022118674,0.0
2025-09-12,143154.16982801727,-0.03317027873773748
2025-09-15,143909.44871767022,0.0
2025-09-16,143713.08179934198,-0.1364517202157356
2025-09-17,143536.13051690976,-0.2594118760699704
2025-09-18,144200.74983922386,0.0
2025-09-19,144908.56828557546,0.0
2025-09-22,145588.00900895422,0.0
2025-09-23,144802.554652264,-0.5395048411177328
2025-09-24,144345.94097651757,-0.8531389644598208
2025-09-25,143685.98247214832,-1.3064445003083458
2025-09-26,144501.75877872552,-0.7461124289170673
2025-09-29,144904.24038319808,-0.469659988079163
2025-09-30,145445.20154712375,-0.09809012624225621
2025-10-01,145936.41180864372,0.0
2025-10-02,146103.00275861565,0.0
2025-10-03,146100.85878236103,-0.0014674416090931786
2025-10-06,146620.18043439984,0.0
2025-10-07,146081.3765633515,-0.3674827499543287
2025-10-08,146944.75979607977,0.0
2025-10-09,146522.8092892204,-0.2871490670677379
2025-10-10,142597.54831579688,-2.958398439192833
2025-10-13,144765.7475071223,-1.4828785265846633
2025-10-14,144590.47411915023,-1.6021569467306374
2025-10-15,145226.649135378,-1.1692221370030897
2025-10-16,144246.43917170618,-1.8362823064382416
2025-10-17,145057.87425928333,-1.2840781388971823
2025-10-20,146553.10460586197,-0.2665322606681064
2025-10-21,146550.93399636194,-0.26800942086288027
2025-10-22,145795.7483230679,-0.7819342959942133
2025-10-23,146652.64636054146,-0.19879132535497446
2025-10-24,147840.60895494965,0.0
2025-10-27,149569.5327132835,0.0
2025-10-28,149963.35851300132,0.0
2025-10-29,150034.77556053927,0.0
2025-10-30,148398.8817283848,-1.090343106151681
2025-10-31,148881.42286852733,-0.768723576052921
2025-11-03,149158.4086206789,-0.5841092084059918
2025-11-04,147405.67474095817,-1.7523276252179643
2025-11-05,147912.02600248758,-1.4148383600541714
2025-11-06,146338.88009649358,-2.463359211381222
2025-11-07,146481.68755832405,-2.3681763037540215
2025-11-10,148747.2712114516,-0.8581372846911628
2025-11-11,149084.82096364093,-0.6331562755029663
2025-11-12,149167.05110881093,-0.5783488851077823
2025-11-13,146713.22367720192,-2.2138546686445326
2025-11-14,146689.44018906043,-2.2297066523280784
2025-11-17,145334.8333781895,-3.132568542719838
2025-11-18,144125.24458851718,-3.938774160819536
2025-11-19,144677.0321666976,-3.5710010388090407
2025-11-20,142491.53468248542,-5.027661653687843
2025-11-21,143898.03637201668,-4.0902111964345345
2025-11-24,145996.9891253042,-2.6912336957546468
2025-11-25,147358.0544981844,-1.7840670953480409
2025-11-26,148366.42911886587,-1.1119731645149344
2025-11-28,149169.22171831096,-0.5769021475151681
2025-12-01,148494.0955806869,-1.026881917273037
2025-12-02,148766.7534304611,-0.8451521491205982
2025-12-03,149277.41927774518,-0.5047871601530751
2025-12-04,149385.6168371794,-0.43267217279099324
2025-12-05,149666.90385846293,-0.24519095703109395
2025-12-08,149221.1565468394,-0.5422869535813613
2025-12-09,149093.47676839566,-0.6273870765140077
2025-12-10,150073.72668193557,0.0
2025-12-11,150419.93223887967,0.0
2025-12-12,148816.50433286678,-1.065967709297
2025-12-15,148593.62401874366,-1.2141397705429546
2025-12-16,148191.1557308938,-1.4817029065312792
2025-12-17,146574.7441177488,-2.5563022558901194
2025-12-18,147671.8074456096,-1.8269685090043897
2025-12-19,148998.51593192486,-0.9449653950764136
2025-12-22,149918.6945604669,-0.33322557120739615
2025-12-23,150597.98880099595,0.0
2025-12-24,151123.19640026797,0.0
2025-12-26,151108.00213376776,-0.010054225203104394
2025-12-29,150574.11209649558,-0.3633355546014849
2025-12-30,150391.8075317381,-0.483968633506604
2025-12-31,149287.15372893857,-1.2149310728357121
2026-01-02,149558.42664995205,-1.0354265841303723
2026-01-05,150545.90748961782,-0.3819988753553938
2026-01-06,151433.54029228206,0.0
2026-01-07,150949.57427351066,-0.3195897142979631
2026-01-08,150934.38000701042,-0.3296233346378963
2026-01-09,151924.01813955355,0.0
2026-01-12,152160.57462518915,0.0
2026-01-13,151858.91317117523,-0.19825204706080957
2026-01-14,151118.84186464522,-0.6846272519080543
2026-01-15,151526.86318416081,-0.4164754520606495
2026-01-16,151400.98114978155,-0.4992051832602984
2026-01-20,148345.25568877353,-2.507429369147529
2026-01-21,150042.40598534612,-1.3920614095081052
2026-01-22,150819.36433675402,-0.8814440217111974
2026-01-23,150873.60294100948,-0.8457983859155527
2026-01-26,151633.20973303978,-0.34658445096464874
2026-01-27,152232.19142206758,0.0
2026-01-28,152216.99715556734,-0.009980981261781263
2026-01-29,151917.50631105344,-0.20671390727187156
2026-01-30,151468.2700442826,-0.5018132962869792
2026-02-02,152214.8265460673,-0.011406835727745257
2026-02-03,150938.7212260105,-0.8496693005429434
2026-02-04,150213.8575026034,-1.3258259640159142
2026-02-05,148353.93812677366,-2.5475907947362875
2026-02-06,151175.2777116461,-0.6942774064725654
2026-02-09,151897.97082555314,-0.2195465974655808
2026-02-10,151500.8158701604,-0.4804342268708517
2026-02-11,151466.09943478258,-0.5032391507529432
2026-02-12,149146.09074468177,-2.0272326428183107
2026-02-13,149250.253367438,-1.958809123598615
2026-02-17,149488.98046257364,-1.801991375062273
2026-02-18,150235.55028098106,-1.3115761669296289
2026-02-19,149842.7365445884,-1.5696120874029496
2026-02-20,150917.02844763285,-0.8639190976292288
2026-02-23,149389.1590588175,-1.8675631853500185
2026-02-24,150465.59493811658,-1.1604618362571317
2026-02-25,151724.3620154185,-0.3335887120228809
2026-02-26,150888.79720750972,-0.8824639532602374
2026-02-27,150170.44531260274,-1.354343053335283
2026-03-02,150255.08576648138,-1.2987434767358974
2026-03-03,148942.09340154668,-2.161236719899162
2026-03-04,149983.8128454679,-1.4769402946883892
2026-03-05,149154.7598660592,-2.0215379725278537
2026-03-06,147216.71186485092,-3.2946248164497094
2026-03-09,148495.00111103046,-2.454927749595137
2026-03-10,148258.44462539486,-2.610319643665515
2026-03-11,148073.98276776006,-2.7314910305526574
2026-03-12,145845.1130434153,-4.195616130194136
2026-03-13,145026.92642812946,-4.733075788130348
2026-03-16,146489.6908485665,-3.772198586815223
2026-03-17,146871.6382208363,-3.5213006862451435
2026-03-18,144840.28064437193,-4.855681777056864
2026-03-19,144486.5245623572,-5.088061064716154
2026-03-20,142433.74053996918,-6.436517001145936
2026-03-23,143915.72084696175,-5.4630170513989444
2026-03-24,143436.96162766588,-5.777509810665937
2026-03-25,144229.0876123286,-5.25716915389477
2026-03-26,141536.04042381054,-7.026208384928056
2026-03-27,141536.04042381054,-7.026208384928056
2026-03-30,141536.04042381054,-7.026208384928056
2026-03-31,141536.04042381054,-7.026208384928056
2026-04-01,141536.04042381054,-7.026208384928056
2026-04-02,141536.04042381054,-7.026208384928056
2026-04-06,141536.04042381054,-7.026208384928056
2026-04-07,141536.04042381054,-7.026208384928056
2026-04-08,141536.04042381054,-7.026208384928056
2026-04-09,141536.04042381054,-7.026208384928056
2026-04-10,141536.04042381054,-7.026208384928056
2026-04-13,141536.04042381054,-7.026208384928056
2026-04-14,141396.0597244903,-7.118160486525371
2026-04-15,142500.64311520653,-6.392569282458849
2026-04-16,142847.33870269384,-6.1648279721297605
2026-04-17,144556.64119714353,-5.042002058318529
2026-04-20,144270.39655153308,-5.230033671695777
2026-04-21,143335.1399370025,-5.844395591992613
2026-04-22,144772.32068493357,-4.900324082211583
2026-04-23,144215.9894704029,-5.2657732091890725
2026-04-24,145322.59570430784,-4.538853217058881
2026-04-27,145570.51733902018,-4.375995655595433
2026-04-28,144869.05946011015,-4.836777223775856
2026-04-29,144846.8945259023,-4.851337175912662
2026-04-30,146273.98572670924,-3.9138934017175497
2026-05-01,146675.11306414608,-3.650396349162688
2026-05-04,146142.969627012,-3.9999567359396804
2026-05-05,147304.00761086642,-3.237281001583725
2026-05-06,149331.77222902948,-1.9052600937712438
2026-05-07,148878.24831924148,-2.2031759981219756
2026-05-08,150095.71622741476,-1.4034319382090432
2026-05-11,150434.34511096668,-1.1809895754021804
2026-05-12,150208.58841046217,-1.3292871847288334
2026-05-13,151041.06238906947,-0.7824422823262678
2026-05-14,152222.25479835275,-0.006527281530943618
2026-05-15,150408.1468247911,-1.1981990013001154
2026-05-18,150303.3290112694,-1.2670529096243222
2026-05-19,149311.61780360062,-1.9184993602106126
2026-05-20,150827.4057444681,-0.922791470369555
2026-05-21,151123.70293397357,-0.7281564285051223
2026-05-22,151712.28862983623,-0.34151961380488594
2026-05-26,152710.05603266144,0.0
2026-05-27,152683.84541207616,-0.01716365068955561
2026-05-28,153518.32989946246,0.0
2026-05-29,153897.27996828174,0.0
2026-06-01,154312.50553599105,0.0
2026-06-02,154520.1306542554,0.0
2026-06-03,153445.76656727277,-0.6952906928266556
2026-06-04,154020.24169845326,-0.3235105702315555
2026-06-05,150081.60566273265,-2.8724574414540904
2026-06-08,150418.21170309582,-2.654617837683415
2026-06-09,149980.82120117868,-2.9376816042393727
2026-06-10,147638.60314245062,-4.453482845676882
2026-06-11,150123.93735677903,-2.845061856252895
2026-06-12,150928.19020602206,-2.32457766701637
2026-06-15,153564.69494547657,-0.6183244246127706
2026-06-16,152657.6471259006,-1.2053339072836788
2026-06-17,150768.95297696054,-2.427630407385717
2026-06-18,152321.78115011862,-1.4226945672571656
2026-06-22,151846.88170834276,-1.730032801935777
2026-06-23,149662.32207423626,-3.143803049771332
2026-06-24,149593.60707786898,-3.188272981343576
2026-06-25,149807.81877090625,-3.0496426992371095
2026-06-26,148734.7374625311,-3.7441032228152316
2026-06-29,151161.80392549728,-2.17339107502601
2026-06-30,152327.84967968473,-1.4187672281199215
2026-07-01,152123.73986818123,-1.5508599273942991
2026-07-02,151925.69858624385,-1.6790252875314327
2026-07-06,153239.26388028997,-0.8289319770453774
2026-07-07,152517.811923277,-1.295830337769155
2026-07-08,152050.99151984623,-1.5979401026614215
2026-07-09,153326.15979653617,-0.7726959928546662
2026-07-10,153980.91960037054,-0.3489584506573773
2026-07-13,152812.8510029944,-1.10489141060921
2026-07-14,153350.40924598117,-0.7570026010989661
2026-07-15,153952.62446454813,-0.3672700685045882
2026-07-16,153126.0833370004,-0.9021784484341544
2026-07-17,151624.57864255065,-1.8738995362252542
2026-07-20,151382.08414810066,-2.030833453782299
2026-07-21,152633.0029753456,-1.221282735731255
2026-07-22,152457.17596525484,-1.335071799555032
2026-07-23,150591.91719472042,-2.542201746078321
2026-07-24,150743.4824209565,-2.444114056406843
2026-07-27,150775.8232431563,-2.4231842124681546
2026-07-28,151133.50878967487,-2.1917026928732097
2026-07-29,148829.7247515321,-3.682630786441532
2026-07-30,151301.24442701088,-2.0831500812323878
2026-07-31,152380.3942649521,-1.3847622185170327
2026-08-03,154530.5902336701,0.0
2026-08-04,157291.10512811955,0.0
2026-08-05,156979.8833028926,-0.19786358864569698
2026-08-06,156731.3202788765,-0.3558909760263296
2026-08-07,157681.13149683794,0.0
2026-08-10,157634.65544113665,-0.029474709662535847
2026-08-11,157135.49421550607,-0.3460384106533487
2026-08-12,157525.52058422446,-0.09868708521830749
2026-08-13,158614.77230369952,0.0
2026-08-14,158303.5628128822,-0.19620460711026189
2026-08-17,157561.89475839195,-0.6637953893043558
2026-08-18,156507.00670430542,-1.3288583205594229
2026-08-19,156832.3637630339,-1.123734261808118
2026-08-20,155526.87750733286,-1.946788909707775
2026-08-21,156157.38786172224,-1.5492784223603895
2026-08-24,155702.69218301395,-1.835945087831925
2026-08-25,156195.78487907842,-1.525070704000675
2026-08-26,156230.1485444669,-1.5034058458734068
2026-08-27,157244.61673800857,-0.8638259512597668
2026-08-28,156890.9645434577,-1.0867889132931796
2026-08-31,156426.1669832156,-1.3798243938423327
2026-09-01,155361.17704759527,-2.0512561401750173
2026-09-02,156044.21965284235,-1.6206262591578313
2026-09-03,157662.93824254937,-0.600091685866222
2026-09-04,157060.72302398237,-0.9797632699315106
2026-09-08,156205.89909502192,-1.5186941125920672
2026-09-09,155486.46998119765,-1.9722641700182342
2026-09-10,154562.9310558699,-2.554516952602337
2026-09-11,155868.40497716126,-1.7314700810336814
2026-09-14,155179.29384234807,-2.1659259168960276
2026-09-15,154474.01229643502,-2.6105765226811184
2026-09-16,153799.03639512334,-3.03612068323339
2026-09-17,155316.2446309319,-2.0795841552840533
