date,equity,close,halted,drawdown_pct
2021-09-17,100000.0,47267.5195,False,0.0
2021-09-18,100000.0,48278.3633,False,0.0
2021-09-19,100000.0,47260.2188,False,0.0
2021-09-20,100000.0,42843.8008,False,0.0
2021-09-21,100000.0,40693.6758,False,0.0
2021-09-22,100000.0,43574.5078,False,0.0
2021-09-23,100000.0,44895.0977,False,0.0
2021-09-24,100000.0,42839.75,False,0.0
2021-09-25,100000.0,42716.5938,False,0.0
2021-09-26,100000.0,43208.5391,False,0.0
2021-09-27,100000.0,42235.7305,False,0.0
2021-09-28,100000.0,41034.543,False,0.0
2021-09-29,100000.0,41564.3633,False,0.0
2021-09-30,100000.0,43790.8945,False,0.0
2021-10-01,100000.0,48116.9414,False,0.0
2021-10-02,100000.0,47711.4883,False,0.0
2021-10-03,100000.0,48199.9531,False,0.0
2021-10-04,100000.0,49112.9023,False,0.0
2021-10-05,99851.7224,51514.8125,False,-0.1483
2021-10-06,107233.0298,55361.4492,False,0.0
2021-10-07,104248.2498,53805.9844,False,-2.7835
2021-10-08,104558.8491,53967.8477,False,-2.4938
2021-10-09,106478.4677,54968.2227,False,-0.7037
2021-10-10,106101.1267,54771.5781,False,-1.0556
2021-10-11,111307.5045,57484.7891,False,0.0
2021-10-12,108537.1315,56041.0586,False,-2.4889
2021-10-13,111146.9091,57401.0977,False,-0.1443
2021-10-14,110994.2143,57321.5234,False,-0.2815
2021-10-15,119192.5678,61593.9492,False,0.0
2021-10-16,117845.943,60892.1797,False,-1.1298
2021-10-17,119115.1747,61553.6172,False,-0.0649
2021-10-18,120021.7796,62026.0781,False,0.0
2021-10-19,124312.2728,64261.9922,False,0.0
2021-10-20,127633.5872,65992.8359,False,0.0
2021-10-21,120375.0369,62210.1719,False,-5.687
2021-10-22,117462.3281,60692.2656,False,-7.9691
2021-10-23,118808.1509,61393.6172,False,-6.9147
2021-10-24,117920.1204,60930.8359,False,-7.6104
2021-10-25,121967.0559,63039.8242,False,-4.4397
2021-10-26,116832.0222,60363.793,False,-8.4629
2021-10-27,113221.7936,58482.3867,False,-11.2915
2021-10-28,117327.7578,60622.1367,False,-8.0745
2021-10-29,120409.1798,62227.9648,False,-5.6603
2021-10-30,119758.4182,61888.832,False,-6.1701
2021-10-31,118664.8856,61318.957,False,-7.0269
2021-11-01,118061.2944,61004.4062,False,-7.4998
2021-11-02,122325.0805,63226.4023,False,-4.1592
2021-11-03,121833.1603,62970.0469,False,-4.5446
2021-11-04,118920.6239,61452.2305,False,-6.8265
2021-11-05,118293.9984,61125.6758,False,-7.3175
2021-11-06,119065.021,61527.4805,False,-6.7134
2021-11-07,122518.0948,63326.9883,False,-4.008
2021-11-08,130653.9192,67566.8281,False,0.0
2021-11-09,129512.1743,66971.8281,False,-0.8739
2021-11-10,125719.283,64995.2305,False,-3.7769
2021-11-11,125632.4154,64949.9609,False,-3.8434
2021-11-12,124108.7721,64155.9414,False,-5.0095
2021-11-13,124710.5118,64469.5273,False,-4.549
2021-11-14,126624.2538,65466.8398,False,-3.0842
2021-11-15,122961.1356,63557.8711,False,-5.8879
2021-11-16,116443.3552,60161.2461,False,-10.8765
2021-11-17,116840.1176,60368.0117,False,-10.5728
2021-11-18,110266.2095,56942.1367,False,-15.6044
2021-11-19,112525.6006,58119.5781,False,-13.8751
2021-11-20,115552.8886,59697.1953,False,-11.558
2021-11-21,113697.853,58730.4766,False,-12.9778
2021-11-22,109013.4607,56289.2891,False,-16.5632
2021-11-23,111469.2392,57569.0742,False,-14.6836
2021-11-24,108996.453,56280.4258,False,-16.5762
2021-11-25,110904.3258,57274.6797,False,-15.116
2021-11-26,103794.9699,53569.7656,False,-20.5573
2021-11-27,106184.5988,54815.0781,False,-18.7283
2021-11-28,110854.0072,57248.457,False,-15.1545
2021-11-29,111924.9627,57806.5664,False,-14.3348
2021-11-30,110387.6548,57005.4258,False,-15.5114
2021-12-01,110818.2602,57229.8281,False,-15.1818
2021-12-02,109375.2257,56477.8164,False,-16.2863
2021-12-03,103849.6211,53598.2461,False,-20.5155
2021-12-04,95411.1802,49200.7031,False,-26.9741
2021-12-05,95733.8326,49368.8477,False,-26.7272
2021-12-06,98062.9488,50582.625,False,-24.9445
2021-12-07,98288.3444,50700.0859,False,-24.772
2021-12-08,97913.6044,50504.7969,False,-25.0588
2021-12-09,92477.9857,47672.1211,False,-29.2191
2021-12-10,91655.1303,47243.3047,False,-29.8489
2021-12-11,95721.6671,49362.5078,False,-26.7365
2021-12-12,97133.647,50098.3359,False,-25.6558
2021-12-13,90684.5047,46737.4805,False,-30.5918
2021-12-14,90444.9347,46612.6328,False,-30.7752
2021-12-15,94827.8724,48896.7227,False,-27.4206
2021-12-16,92465.1381,47665.4258,False,-29.229
2021-12-17,89657.2491,46202.1445,False,-31.3781
2021-12-18,90898.0722,46848.7773,False,-30.4284
2021-12-19,90626.0458,46707.0156,False,-30.6366
2021-12-20,90958.5175,46880.2773,False,-30.3821
2021-12-21,94904.4185,48936.6133,False,-27.362
2021-12-22,94313.2027,48628.5117,False,-27.8145
2021-12-23,98450.4014,50784.5391,False,-24.648
2021-12-24,98522.66,50822.1953,False,-24.5926
2021-12-25,97769.8069,50429.8594,False,-25.1689
2021-12-26,98498.3289,50809.5156,False,-24.6113
2021-12-27,98173.8476,50640.418,False,-24.8596
2021-12-28,92318.2074,47588.8555,False,-29.3414
2021-12-29,90122.7096,46444.7109,False,-31.0218
2021-12-30,91530.0571,47178.125,False,-29.9447
2021-12-31,89857.3918,46306.4453,False,-31.2249
2022-01-01,92368.9178,47686.8125,False,-29.3026
2022-01-02,92368.9178,47345.2188,False,-29.3026
2022-01-03,92368.9178,46458.1172,False,-29.3026
2022-01-04,92368.9178,45897.5742,False,-29.3026
2022-01-05,92368.9178,43569.0039,False,-29.3026
2022-01-06,92368.9178,43160.9297,False,-29.3026
2022-01-07,92368.9178,41557.9023,False,-29.3026
2022-01-08,92368.9178,41733.9414,False,-29.3026
2022-01-09,92368.9178,41911.6016,False,-29.3026
2022-01-10,92368.9178,41821.2617,False,-29.3026
2022-01-11,92368.9178,42735.8555,False,-29.3026
2022-01-12,92368.9178,43949.1016,False,-29.3026
2022-01-13,92368.9178,42591.5703,False,-29.3026
2022-01-14,92368.9178,43099.6992,False,-29.3026
2022-01-15,92368.9178,43177.3984,False,-29.3026
2022-01-16,92368.9178,43113.8789,False,-29.3026
2022-01-17,92368.9178,42250.5508,False,-29.3026
2022-01-18,92368.9178,42375.6328,False,-29.3026
2022-01-19,92368.9178,41744.3281,False,-29.3026
2022-01-20,92368.9178,40680.418,False,-29.3026
2022-01-21,92368.9178,36457.3164,False,-29.3026
2022-01-22,92368.9178,35030.25,False,-29.3026
2022-01-23,92368.9178,36276.8047,False,-29.3026
2022-01-24,92368.9178,36654.3281,False,-29.3026
2022-01-25,92368.9178,36954.0039,False,-29.3026
2022-01-26,92368.9178,36852.1211,False,-29.3026
2022-01-27,92368.9178,37138.2344,False,-29.3026
2022-01-28,92368.9178,37784.332,False,-29.3026
2022-01-29,92368.9178,38138.1797,False,-29.3026
2022-01-30,92368.9178,37917.6016,False,-29.3026
2022-01-31,92368.9178,38483.125,False,-29.3026
2022-02-01,92368.9178,38743.2734,False,-29.3026
2022-02-02,92368.9178,36952.9844,False,-29.3026
2022-02-03,92368.9178,37154.6016,False,-29.3026
2022-02-04,92368.9178,41500.875,False,-29.3026
2022-02-05,92368.9178,41441.1641,False,-29.3026
2022-02-06,92368.9178,42412.4336,False,-29.3026
2022-02-07,92368.9178,43840.2852,False,-29.3026
2022-02-08,92368.9178,44118.4453,False,-29.3026
2022-02-09,92368.9178,44338.7969,False,-29.3026
2022-02-10,92368.9178,43565.1133,False,-29.3026
2022-02-11,92368.9178,42407.9375,False,-29.3026
2022-02-12,92368.9178,42244.4688,False,-29.3026
2022-02-13,92368.9178,42197.5156,False,-29.3026
2022-02-14,92368.9178,42586.918,False,-29.3026
2022-02-15,92368.9178,44575.2031,False,-29.3026
2022-02-16,92368.9178,43961.8594,False,-29.3026
2022-02-17,92368.9178,40538.0117,False,-29.3026
2022-02-18,92368.9178,40030.9766,False,-29.3026
2022-02-19,92368.9178,40122.1562,False,-29.3026
2022-02-20,92368.9178,38431.3789,False,-29.3026
2022-02-21,92368.9178,37075.2812,False,-29.3026
2022-02-22,92368.9178,38286.0273,False,-29.3026
2022-02-23,92368.9178,37296.5703,False,-29.3026
2022-02-24,92368.9178,38332.6094,False,-29.3026
2022-02-25,92368.9178,39214.2188,False,-29.3026
2022-02-26,92368.9178,39105.1484,False,-29.3026
2022-02-27,92368.9178,37709.7852,False,-29.3026
2022-02-28,92368.9178,43193.2344,False,-29.3026
2022-03-01,92368.9178,44354.6367,False,-29.3026
2022-03-02,92368.9178,43924.1172,False,-29.3026
2022-03-03,92368.9178,42451.7891,False,-29.3026
2022-03-04,92368.9178,39137.6055,False,-29.3026
2022-03-05,92368.9178,39400.5859,False,-29.3026
2022-03-06,92368.9178,38419.9844,False,-29.3026
2022-03-07,92368.9178,38062.0391,False,-29.3026
2022-03-08,92368.9178,38737.2695,False,-29.3026
2022-03-09,92368.9178,41982.9258,False,-29.3026
2022-03-10,92368.9178,39437.4609,False,-29.3026
2022-03-11,92368.9178,38794.9727,False,-29.3026
2022-03-12,92368.9178,38904.0117,False,-29.3026
2022-03-13,92368.9178,37849.6641,False,-29.3026
2022-03-14,92368.9178,39666.7539,False,-29.3026
2022-03-15,92368.9178,39338.7852,False,-29.3026
2022-03-16,92368.9178,41143.9297,False,-29.3026
2022-03-17,92368.9178,40951.3789,False,-29.3026
2022-03-18,92368.9178,41801.1562,False,-29.3026
2022-03-19,92368.9178,42190.6523,False,-29.3026
2022-03-20,92368.9178,41247.8242,False,-29.3026
2022-03-21,92368.9178,41077.9961,False,-29.3026
2022-03-22,92368.9178,42358.8086,False,-29.3026
2022-03-23,92368.9178,42892.957,False,-29.3026
2022-03-24,92368.9178,43960.9336,False,-29.3026
2022-03-25,92368.9178,44348.7305,False,-29.3026
2022-03-26,92368.9178,44500.8281,False,-29.3026
2022-03-27,92368.9178,46820.4922,False,-29.3026
2022-03-28,92368.9178,47128.0039,False,-29.3026
2022-03-29,92368.9178,47465.7305,False,-29.3026
2022-03-30,92368.9178,47062.6641,False,-29.3026
2022-03-31,92368.9178,45538.6758,False,-29.3026
2022-04-01,92368.9178,46281.6445,False,-29.3026
2022-04-02,92368.9178,45868.9492,False,-29.3026
2022-04-03,92368.9178,46453.5664,False,-29.3026
2022-04-04,92368.9178,46622.6758,False,-29.3026
2022-04-05,92368.9178,45555.9922,False,-29.3026
2022-04-06,92368.9178,43206.7383,False,-29.3026
2022-04-07,92368.9178,43503.8477,False,-29.3026
2022-04-08,92368.9178,42287.6641,False,-29.3026
2022-04-09,92368.9178,42782.1367,False,-29.3026
2022-04-10,92368.9178,42207.6719,False,-29.3026
2022-04-11,92368.9178,39521.9023,False,-29.3026
2022-04-12,92368.9178,40127.1836,False,-29.3026
2022-04-13,92368.9178,41166.7305,False,-29.3026
2022-04-14,92368.9178,39935.5156,False,-29.3026
2022-04-15,92368.9178,40553.4648,False,-29.3026
2022-04-16,92368.9178,40424.4844,False,-29.3026
2022-04-17,92368.9178,39716.9531,False,-29.3026
2022-04-18,92368.9178,40826.2148,False,-29.3026
2022-04-19,92368.9178,41502.75,False,-29.3026
2022-04-20,92368.9178,41374.3789,False,-29.3026
2022-04-21,92368.9178,40527.3633,False,-29.3026
2022-04-22,92368.9178,39740.3203,False,-29.3026
2022-04-23,92368.9178,39486.7305,False,-29.3026
2022-04-24,92368.9178,39469.293,False,-29.3026
2022-04-25,92368.9178,40458.3086,False,-29.3026
2022-04-26,92368.9178,38117.4609,False,-29.3026
2022-04-27,92368.9178,39241.1211,False,-29.3026
2022-04-28,92368.9178,39773.8281,False,-29.3026
2022-04-29,92368.9178,38609.8242,False,-29.3026
2022-04-30,92368.9178,37714.875,False,-29.3026
2022-05-01,92368.9178,38469.0938,False,-29.3026
2022-05-02,92368.9178,38529.3281,False,-29.3026
2022-05-03,92368.9178,37750.4531,False,-29.3026
2022-05-04,92368.9178,39698.3711,False,-29.3026
2022-05-05,92368.9178,36575.1406,False,-29.3026
2022-05-06,92368.9178,36040.9219,False,-29.3026
2022-05-07,92368.9178,35501.9531,False,-29.3026
2022-05-08,92368.9178,34059.2656,False,-29.3026
2022-05-09,92368.9178,30296.9531,False,-29.3026
2022-05-10,92368.9178,31022.9062,False,-29.3026
2022-05-11,92368.9178,28936.3555,False,-29.3026
2022-05-12,92368.9178,29047.752,False,-29.3026
2022-05-13,92368.9178,29283.1035,False,-29.3026
2022-05-14,92368.9178,30101.2656,False,-29.3026
2022-05-15,92368.9178,31305.1133,False,-29.3026
2022-05-16,92368.9178,29862.918,False,-29.3026
2022-05-17,92368.9178,30425.8574,False,-29.3026
2022-05-18,92368.9178,28720.2715,False,-29.3026
2022-05-19,92368.9178,30314.334,False,-29.3026
2022-05-20,92368.9178,29200.7402,False,-29.3026
2022-05-21,92368.9178,29432.2266,False,-29.3026
2022-05-22,92368.9178,30323.7227,False,-29.3026
2022-05-23,92368.9178,29098.9102,False,-29.3026
2022-05-24,92368.9178,29655.5859,False,-29.3026
2022-05-25,92368.9178,29562.3613,False,-29.3026
2022-05-26,92368.9178,29267.2246,False,-29.3026
2022-05-27,92368.9178,28627.5742,False,-29.3026
2022-05-28,92368.9178,28814.9004,False,-29.3026
2022-05-29,92368.9178,29445.957,False,-29.3026
2022-05-30,92368.9178,31726.3906,False,-29.3026
2022-05-31,92368.9178,31792.3105,False,-29.3026
2022-06-01,92368.9178,29799.0801,False,-29.3026
2022-06-02,92368.9178,30467.4883,False,-29.3026
2022-06-03,92368.9178,29704.3906,False,-29.3026
2022-06-04,92368.9178,29832.9141,False,-29.3026
2022-06-05,92368.9178,29906.6621,False,-29.3026
2022-06-06,92368.9178,31370.6719,False,-29.3026
2022-06-07,92368.9178,31155.4785,False,-29.3026
2022-06-08,92368.9178,30214.3555,False,-29.3026
2022-06-09,92368.9178,30111.998,False,-29.3026
2022-06-10,92368.9178,29083.8047,False,-29.3026
2022-06-11,92368.9178,28360.8105,False,-29.3026
2022-06-12,92368.9178,26762.6484,False,-29.3026
2022-06-13,92368.9178,22487.3887,False,-29.3026
2022-06-14,92368.9178,22206.793,False,-29.3026
2022-06-15,92368.9178,22572.8398,False,-29.3026
2022-06-16,92368.9178,20381.6504,False,-29.3026
2022-06-17,92368.9178,20471.4824,False,-29.3026
2022-06-18,92368.9178,19017.6426,False,-29.3026
2022-06-19,92368.9178,20553.2715,False,-29.3026
2022-06-20,92368.9178,20599.5371,False,-29.3026
2022-06-21,92368.9178,20710.5977,False,-29.3026
2022-06-22,92368.9178,19987.0293,False,-29.3026
2022-06-23,92368.9178,21085.877,False,-29.3026
2022-06-24,92368.9178,21231.6562,False,-29.3026
2022-06-25,92368.9178,21502.3379,False,-29.3026
2022-06-26,92368.9178,21027.2949,False,-29.3026
2022-06-27,92368.9178,20735.4785,False,-29.3026
2022-06-28,92368.9178,20280.6348,False,-29.3026
2022-06-29,92368.9178,20104.0234,False,-29.3026
2022-06-30,92368.9178,19784.7266,False,-29.3026
2022-07-01,92368.9178,19269.3672,False,-29.3026
2022-07-02,92368.9178,19242.2559,False,-29.3026
2022-07-03,92368.9178,19297.0762,False,-29.3026
2022-07-04,92368.9178,20231.2617,False,-29.3026
2022-07-05,92368.9178,20190.1152,False,-29.3026
2022-07-06,92368.9178,20548.2461,False,-29.3026
2022-07-07,92368.9178,21637.5879,False,-29.3026
2022-07-08,92368.9178,21731.1172,False,-29.3026
2022-07-09,92368.9178,21592.207,False,-29.3026
2022-07-10,92368.9178,20860.4492,False,-29.3026
2022-07-11,92368.9178,19970.5566,False,-29.3026
2022-07-12,92368.9178,19323.9141,False,-29.3026
2022-07-13,92368.9178,20212.0742,False,-29.3026
2022-07-14,92368.9178,20569.9199,False,-29.3026
2022-07-15,92368.9178,20836.3281,False,-29.3026
2022-07-16,92368.9178,21190.3164,False,-29.3026
2022-07-17,92368.9178,20779.3438,False,-29.3026
2022-07-18,92368.9178,22485.6895,False,-29.3026
2022-07-19,92368.9178,23389.4336,False,-29.3026
2022-07-20,92368.9178,23231.7324,False,-29.3026
2022-07-21,92368.9178,23164.6289,False,-29.3026
2022-07-22,92368.9178,22714.9785,False,-29.3026
2022-07-23,92368.9178,22465.4785,False,-29.3026
2022-07-24,92368.9178,22609.1641,False,-29.3026
2022-07-25,92368.9178,21361.7012,False,-29.3026
2022-07-26,92368.9178,21239.7539,False,-29.3026
2022-07-27,92368.9178,22930.5488,False,-29.3026
2022-07-28,92368.9178,23843.8867,False,-29.3026
2022-07-29,92368.9178,23804.6328,False,-29.3026
2022-07-30,92368.9178,23656.207,False,-29.3026
2022-07-31,92368.9178,23336.8965,False,-29.3026
2022-08-01,92368.9178,23314.1992,False,-29.3026
2022-08-02,92368.9178,22978.1172,False,-29.3026
2022-08-03,92368.9178,22846.5078,False,-29.3026
2022-08-04,92368.9178,22630.957,False,-29.3026
2022-08-05,92368.9178,23289.3145,False,-29.3026
2022-08-06,92368.9178,22961.2793,False,-29.3026
2022-08-07,92368.9178,23175.8906,False,-29.3026
2022-08-08,92368.9178,23809.4863,False,-29.3026
2022-08-09,92368.9178,23164.3184,False,-29.3026
2022-08-10,92368.9178,23947.6426,False,-29.3026
2022-08-11,92368.9178,23957.5293,False,-29.3026
2022-08-12,92368.9178,24402.8184,False,-29.3026
2022-08-13,92368.9178,24424.0684,False,-29.3026
2022-08-14,92368.9178,24319.334,False,-29.3026
2022-08-15,92368.9178,24136.9727,False,-29.3026
2022-08-16,92368.9178,23883.291,False,-29.3026
2022-08-17,92368.9178,23335.998,False,-29.3026
2022-08-18,92368.9178,23212.7383,False,-29.3026
2022-08-19,92368.9178,20877.5527,False,-29.3026
2022-08-20,92368.9178,21166.0605,False,-29.3026
2022-08-21,92368.9178,21534.1211,False,-29.3026
2022-08-22,92368.9178,21398.9082,False,-29.3026
2022-08-23,92368.9178,21528.0879,False,-29.3026
2022-08-24,92368.9178,21395.0195,False,-29.3026
2022-08-25,92368.9178,21600.9043,False,-29.3026
2022-08-26,92368.9178,20260.0195,False,-29.3026
2022-08-27,92368.9178,20041.7383,False,-29.3026
2022-08-28,92368.9178,19616.8145,False,-29.3026
2022-08-29,92368.9178,20297.9941,False,-29.3026
2022-08-30,92368.9178,19796.8086,False,-29.3026
2022-08-31,92368.9178,20049.7637,False,-29.3026
2022-09-01,92368.9178,20127.1406,False,-29.3026
2022-09-02,92368.9178,19969.7715,False,-29.3026
2022-09-03,92368.9178,19832.0879,False,-29.3026
2022-09-04,92368.9178,19986.7129,False,-29.3026
2022-09-05,92368.9178,19812.3711,False,-29.3026
2022-09-06,92368.9178,18837.668,False,-29.3026
2022-09-07,92368.9178,19290.3242,False,-29.3026
2022-09-08,92368.9178,19329.834,False,-29.3026
2022-09-09,92368.9178,21381.1523,False,-29.3026
2022-09-10,92368.9178,21680.5391,False,-29.3026
2022-09-11,92368.9178,21769.2559,False,-29.3026
2022-09-12,92368.9178,22370.4492,False,-29.3026
2022-09-13,92368.9178,20296.707,False,-29.3026
2022-09-14,92368.9178,20241.0898,False,-29.3026
2022-09-15,92368.9178,19701.2109,False,-29.3026
2022-09-16,92368.9178,19772.584,False,-29.3026
2022-09-17,92368.9178,20127.5762,False,-29.3026
2022-09-18,92368.9178,19419.5059,False,-29.3026
2022-09-19,92368.9178,19544.1289,False,-29.3026
2022-09-20,92368.9178,18890.7891,False,-29.3026
2022-09-21,92368.9178,18547.4004,False,-29.3026
2022-09-22,92368.9178,19413.5508,False,-29.3026
2022-09-23,92368.9178,19297.6387,False,-29.3026
2022-09-24,92368.9178,18937.0117,False,-29.3026
2022-09-25,92368.9178,18802.0977,False,-29.3026
2022-09-26,92368.9178,19222.6719,False,-29.3026
2022-09-27,92368.9178,19110.5469,False,-29.3026
2022-09-28,92368.9178,19426.7207,False,-29.3026
2022-09-29,92368.9178,19573.0508,False,-29.3026
2022-09-30,92368.9178,19431.7891,False,-29.3026
2022-10-01,92368.9178,19312.0957,False,-29.3026
2022-10-02,92368.9178,19044.1074,False,-29.3026
2022-10-03,92368.9178,19623.5801,False,-29.3026
2022-10-04,92368.9178,20336.8438,False,-29.3026
2022-10-05,92368.9178,20160.7168,False,-29.3026
2022-10-06,92368.9178,19955.4434,False,-29.3026
2022-10-07,92368.9178,19546.8496,False,-29.3026
2022-10-08,92368.9178,19416.5684,False,-29.3026
2022-10-09,92368.9178,19446.4258,False,-29.3026
2022-10-10,92368.9178,19141.4844,False,-29.3026
2022-10-11,92368.9178,19051.418,False,-29.3026
2022-10-12,92368.9178,19157.4453,False,-29.3026
2022-10-13,92368.9178,19382.9043,False,-29.3026
2022-10-14,92368.9178,19185.6562,False,-29.3026
2022-10-15,92368.9178,19067.6348,False,-29.3026
2022-10-16,92368.9178,19268.0938,False,-29.3026
2022-10-17,92368.9178,19550.7578,False,-29.3026
2022-10-18,92368.9178,19334.416,False,-29.3026
2022-10-19,92368.9178,19139.5352,False,-29.3026
2022-10-20,92368.9178,19053.7402,False,-29.3026
2022-10-21,92368.9178,19172.4688,False,-29.3026
2022-10-22,92368.9178,19208.1895,False,-29.3026
2022-10-23,92368.9178,19567.0078,False,-29.3026
2022-10-24,92368.9178,19345.5723,False,-29.3026
2022-10-25,92368.9178,20095.8574,False,-29.3026
2022-10-26,92368.9178,20770.4414,False,-29.3026
2022-10-27,92368.9178,20285.8359,False,-29.3026
2022-10-28,92368.9178,20595.3516,False,-29.3026
2022-10-29,92368.9178,20818.4766,False,-29.3026
2022-10-30,92368.9178,20635.6035,False,-29.3026
2022-10-31,92368.9178,20495.7734,False,-29.3026
2022-11-01,92368.9178,20485.2734,False,-29.3026
2022-11-02,92368.9178,20159.5039,False,-29.3026
2022-11-03,92368.9178,20209.9883,False,-29.3026
2022-11-04,92368.9178,21147.2305,False,-29.3026
2022-11-05,92368.9178,21282.6914,False,-29.3026
2022-11-06,92368.9178,20926.4863,False,-29.3026
2022-11-07,92368.9178,20602.8164,False,-29.3026
2022-11-08,92368.9178,18541.2715,False,-29.3026
2022-11-09,92368.9178,15880.7803,False,-29.3026
2022-11-10,92368.9178,17586.7715,False,-29.3026
2022-11-11,92368.9178,17034.293,False,-29.3026
2022-11-12,92368.9178,16799.1855,False,-29.3026
2022-11-13,92368.9178,16353.3652,False,-29.3026
2022-11-14,92368.9178,16618.1992,False,-29.3026
2022-11-15,92368.9178,16884.6133,False,-29.3026
2022-11-16,92368.9178,16669.4395,False,-29.3026
2022-11-17,92368.9178,16687.5176,False,-29.3026
2022-11-18,92368.9178,16697.7773,False,-29.3026
2022-11-19,92368.9178,16711.5469,False,-29.3026
2022-11-20,92368.9178,16291.832,False,-29.3026
2022-11-21,92368.9178,15787.2842,False,-29.3026
2022-11-22,92368.9178,16189.7695,False,-29.3026
2022-11-23,92368.9178,16610.707,False,-29.3026
2022-11-24,92368.9178,16604.4648,False,-29.3026
2022-11-25,92368.9178,16521.8418,False,-29.3026
2022-11-26,92368.9178,16464.2812,False,-29.3026
2022-11-27,92368.9178,16444.627,False,-29.3026
2022-11-28,92368.9178,16217.3223,False,-29.3026
2022-11-29,92368.9178,16444.9824,False,-29.3026
2022-11-30,92368.9178,17168.5664,False,-29.3026
2022-12-01,92368.9178,16967.1328,False,-29.3026
2022-12-02,92368.9178,17088.6602,False,-29.3026
2022-12-03,92368.9178,16908.2363,False,-29.3026
2022-12-04,92368.9178,17130.4863,False,-29.3026
2022-12-05,92368.9178,16974.8262,False,-29.3026
2022-12-06,92368.9178,17089.5039,False,-29.3026
2022-12-07,92368.9178,16848.127,False,-29.3026
2022-12-08,92368.9178,17233.4746,False,-29.3026
2022-12-09,92368.9178,17133.1523,False,-29.3026
2022-12-10,92368.9178,17128.7246,False,-29.3026
2022-12-11,92368.9178,17104.1934,False,-29.3026
2022-12-12,92368.9178,17206.4375,False,-29.3026
2022-12-13,92368.9178,17781.3184,False,-29.3026
2022-12-14,92368.9178,17815.6504,False,-29.3026
2022-12-15,92368.9178,17364.8652,False,-29.3026
2022-12-16,92368.9178,16647.4844,False,-29.3026
2022-12-17,92368.9178,16795.0918,False,-29.3026
2022-12-18,92368.9178,16757.9766,False,-29.3026
2022-12-19,92368.9178,16439.6797,False,-29.3026
2022-12-20,92368.9178,16906.3047,False,-29.3026
2022-12-21,92368.9178,16817.5352,False,-29.3026
2022-12-22,92368.9178,16830.3418,False,-29.3026
2022-12-23,92368.9178,16796.9531,False,-29.3026
2022-12-24,92368.9178,16847.7559,False,-29.3026
2022-12-25,92368.9178,16841.9863,False,-29.3026
2022-12-26,92368.9178,16919.8047,False,-29.3026
2022-12-27,92368.9178,16717.1738,False,-29.3026
2022-12-28,92368.9178,16552.5723,False,-29.3026
2022-12-29,92368.9178,16642.3418,False,-29.3026
2022-12-30,92368.9178,16602.5859,False,-29.3026
2022-12-31,92368.9178,16547.4961,False,-29.3026
2023-01-01,92368.9178,16625.0801,False,-29.3026
2023-01-02,92368.9178,16688.4707,False,-29.3026
2023-01-03,92368.9178,16679.8574,False,-29.3026
2023-01-04,92368.9178,16863.2383,False,-29.3026
2023-01-05,92368.9178,16836.7363,False,-29.3026
2023-01-06,92368.9178,16951.9688,False,-29.3026
2023-01-07,92368.9178,16955.0781,False,-29.3026
2023-01-08,92368.9178,17091.1445,False,-29.3026
2023-01-09,92368.9178,17196.5547,False,-29.3026
2023-01-10,92368.9178,17446.293,False,-29.3026
2023-01-11,92368.9178,17934.8965,False,-29.3026
2023-01-12,92368.9178,18869.5879,False,-29.3026
2023-01-13,92368.9178,19909.5742,False,-29.3026
2023-01-14,92368.9178,20976.2988,False,-29.3026
2023-01-15,92368.9178,20880.7988,False,-29.3026
2023-01-16,92368.9178,21169.6328,False,-29.3026
2023-01-17,92231.9554,21161.5195,False,-29.4074
2023-01-18,90192.1721,20688.7812,False,-30.9686
2023-01-19,91909.5233,21086.793,False,-29.6542
2023-01-20,98769.0594,22676.5527,False,-24.4041
2023-01-21,99205.1686,22777.625,False,-24.0703
2023-01-22,98958.3218,22720.416,False,-24.2592
2023-01-23,99881.7619,22934.4316,False,-23.5524
2023-01-24,98596.104,22636.4688,False,-24.5364
2023-01-25,100673.2206,23117.8594,False,-22.9467
2023-01-26,100306.1065,23032.7773,False,-23.2276
2023-01-27,100504.3778,23078.7285,False,-23.0759
2023-01-28,100298.8252,23031.0898,False,-23.2332
2023-01-29,103506.7969,23774.5664,False,-20.7779
2023-01-30,99474.9042,22840.1387,False,-23.8638
2023-01-31,100765.6607,23139.2832,False,-22.8759
2023-02-01,103287.6173,23723.7695,False,-20.9456
2023-02-02,102200.7194,23471.8711,False,-21.7775
2023-02-03,102103.4252,23449.3223,False,-21.852
2023-02-04,101596.5427,23331.8477,False,-22.24
2023-02-05,99973.3845,22955.666,False,-23.4823
2023-02-06,99129.5917,22760.1094,False,-24.1281
2023-02-07,101305.0476,23264.291,False,-22.4631
2023-02-08,99903.1928,22939.3984,False,-23.536
2023-02-09,95069.0375,21819.0391,False,-27.236
2023-02-10,94344.7704,21651.1836,False,-27.7903
2023-02-11,95292.7005,21870.875,False,-27.0648
2023-02-12,94935.9858,21788.2031,False,-27.3378
2023-02-13,95021.8441,21808.1016,False,-27.2721
2023-02-14,96802.5861,22220.8047,False,-25.9092
2023-02-15,105807.7872,24307.8418,False,-19.0168
2023-02-16,102854.8622,23623.4746,False,-21.2769
2023-02-17,106919.9757,24565.6016,False,-18.1655
2023-02-18,107246.5035,24641.2773,False,-17.9156
2023-02-19,105893.2241,24327.6426,False,-18.9514
2023-02-20,108057.1345,24829.1484,False,-17.2951
2023-02-21,106362.2929,24436.3535,False,-18.5923
2023-02-22,105294.3314,24188.8438,False,-19.4097
2023-02-23,104252.9415,23947.4922,False,-20.2068
2023-02-24,101019.5612,23198.127,False,-22.6816
2023-02-25,100921.3905,23175.375,False,-22.7567
2023-02-26,102586.2137,23561.2129,False,-21.4825
2023-02-27,102420.7755,23522.8711,False,-21.6091
2023-02-28,100800.4827,23147.3535,False,-22.8492
2023-03-01,102954.4318,23646.5508,False,-21.2007
2023-03-02,102216.2343,23475.4668,False,-21.7657
2023-03-03,97414.752,22362.6797,False,-25.4406
2023-03-04,97374.4943,22353.3496,False,-25.4714
2023-03-05,97729.0179,22435.5137,False,-25.2001
2023-03-06,97704.1824,22429.7578,False,-25.2191
2023-03-07,96798.1196,22219.7695,False,-25.9126
2023-03-08,94633.4171,21718.0801,False,-27.5694
2023-03-09,88786.5755,20363.0215,False,-32.0445
2023-03-10,88028.127,20187.2441,False,-32.625
2023-03-11,89948.9407,20632.4102,False,-31.1548
2023-03-12,96557.2646,22163.9492,False,-26.0969
2023-03-13,105331.8249,24197.5332,False,-19.381
2023-03-14,107698.6837,24746.0742,False,-17.5695
2023-03-15,106101.7094,24375.9609,False,-18.7918
2023-03-16,109022.1047,25052.7891,False,-16.5566
2023-03-17,119253.163,27423.9297,False,-8.7259
2023-03-18,117276.7538,26965.8789,False,-10.2386
2023-03-19,121905.6852,28038.6758,False,-6.6957
2023-03-20,120734.4713,27767.2363,False,-7.5922
2023-03-21,122497.4231,28175.8164,False,-6.2428
2023-03-22,118750.5195,27307.4375,False,-9.1106
2023-03-23,123179.8397,28333.9727,False,-5.7205
2023-03-24,119552.4198,27493.2852,False,-8.4969
2023-03-25,119558.5549,27494.707,False,-8.4922
2023-03-26,121714.3412,27994.3301,False,-6.8422
2023-03-27,118027.5756,27139.8887,False,-9.664
2023-03-28,118580.9182,27268.1309,False,-9.2404
2023-03-29,123242.2698,28348.4414,False,-5.6727
2023-03-30,121883.6223,28033.5625,False,-6.7126
2023-03-31,123803.3826,28478.4844,False,-5.2433
2023-04-01,123512.351,28411.0352,False,-5.466
2023-04-02,122598.7878,28199.3086,False,-6.1652
2023-04-03,120833.6449,27790.2207,False,-7.5162
2023-04-04,122464.0843,28168.0898,False,-6.2683
2023-04-05,122506.7775,28177.9844,False,-6.2357
2023-04-06,121929.265,28044.1406,False,-6.6777
2023-04-07,121418.9021,27925.8594,False,-7.0683
2023-04-08,121513.5501,27947.7949,False,-6.9959
2023-04-09,123175.862,28333.0508,False,-5.7236
2023-04-10,128871.1284,29652.9805,False,-1.3645
2023-04-11,131382.694,30235.0586,False,0.0
2023-04-12,130968.4454,30139.0527,False,-0.3153
2023-04-13,132090.3591,30399.0664,False,0.0
2023-04-14,132464.1646,30485.6992,False,0.0
2023-04-15,131742.7122,30318.4961,False,-0.5446
2023-04-16,131729.161,30315.3555,False,-0.5549
2023-04-17,127973.9228,29445.0449,False,-3.3898
2023-04-18,132083.8279,30397.5527,False,-0.2871
2023-04-19,125288.5253,28822.6797,False,-5.417
2023-04-20,122800.2025,28245.9883,False,-7.2955
2023-04-21,118618.7994,27276.9102,False,-10.4522
2023-04-22,120951.3503,27817.5,False,-8.6913
2023-04-23,119975.7025,27591.3848,False,-9.4278
2023-04-24,119690.7302,27525.3398,False,-9.6429
2023-04-25,123066.0362,28307.5977,False,-7.0948
2023-04-26,123562.6878,28422.7012,False,-6.7199
2023-04-27,128097.9403,29473.7871,False,-3.2962
2023-04-28,127521.8015,29340.2617,False,-3.7311
2023-04-29,127125.8151,29248.4883,False,-4.03
2023-04-30,127213.4853,29268.8066,False,-3.9638
2023-05-01,122133.9074,28091.5684,False,-7.7985
2023-05-02,124675.2049,28680.5371,False,-5.8801
2023-05-03,126080.852,29006.3086,False,-4.8189
2023-05-04,125396.5308,28847.7109,False,-5.3355
2023-05-05,128359.4086,29534.3848,False,-3.0988
2023-05-06,125642.0966,28904.623,False,-5.1501
2023-05-07,123701.9589,28454.9785,False,-6.6148
2023-05-08,120419.6491,27694.2734,False,-9.0927
2023-05-09,120266.4813,27658.7754,False,-9.2083
2023-05-10,120106.7484,27621.7559,False,-9.3289
2023-05-11,117427.385,27000.7891,False,-11.3516
2023-05-12,116582.5472,26804.9902,False,-11.9894
2023-05-13,116492.3151,26784.0781,False,-12.0575
2023-05-14,117124.6983,26930.6387,False,-11.5801
2023-05-15,118255.4186,27192.6934,False,-10.7265
2023-05-16,117582.1204,27036.6504,False,-11.2348
2023-05-17,119144.7446,27398.8027,False,-10.0551
2023-05-18,116699.9914,26832.209,False,-11.9007
2023-05-19,116949.9057,26890.1289,False,-11.712
2023-05-20,117983.1211,27129.5859,False,-10.932
2023-05-21,116361.7832,26753.8262,False,-12.156
2023-05-22,116782.268,26851.2773,False,-11.8386
2023-05-23,118397.9511,27225.7266,False,-10.6189
2023-05-24,114553.8376,26334.8184,False,-13.5209
2023-05-25,115163.905,26476.207,False,-13.0603
2023-05-26,116212.77,26719.291,False,-12.2685
2023-05-27,116855.9487,26868.3535,False,-11.783
2023-05-28,122108.3556,28085.6465,False,-7.8178
2023-05-29,120642.343,27745.8848,False,-8.9245
2023-05-30,120454.4964,27702.3496,False,-9.0664
2023-05-31,118371.7672,27219.6582,False,-10.6386
2023-06-01,116647.1938,26819.9727,False,-11.9406
2023-06-02,118500.917,27249.5898,False,-10.5412
2023-06-03,117748.1485,27075.1289,False,-11.1094
2023-06-04,117937.7311,27119.0664,False,-10.9663
2023-06-05,112074.018,25760.0977,False,-15.393
2023-06-06,118454.2882,27238.7832,False,-10.5764
2023-06-07,114602.076,26345.998,False,-13.4845
2023-06-08,115302.0216,26508.2168,False,-12.9561
2023-06-09,115181.8891,26480.375,False,-13.0468
2023-06-10,112467.2823,25851.2402,False,-15.0961
2023-06-11,112850.99,25940.168,False,-14.8064
2023-06-12,112688.4593,25902.5,False,-14.9291
2023-06-13,112758.4825,25918.7285,False,-14.8762
2023-06-14,109332.2834,25124.6758,False,-17.4627
2023-06-15,111281.371,25576.3945,False,-15.9913
2023-06-16,114522.1,26327.4629,False,-13.5448
2023-06-17,115312.6317,26510.6758,False,-12.9481
2023-06-18,114559.8547,26336.2129,False,-13.5163
2023-06-19,116781.1977,26851.0293,False,-11.8394
2023-06-20,123151.8608,28327.4883,False,-7.0301
2023-06-21,130486.2384,30027.2969,False,-1.4932
2023-06-22,129989.966,29912.2812,False,-1.8678
2023-06-23,133369.2835,30695.4688,False,0.0
2023-06-24,132735.9817,30548.6953,False,-0.4748
2023-06-25,132440.7027,30480.2617,False,-0.6962
2023-06-26,131538.3395,30271.1309,False,-1.3728
2023-06-27,133337.7651,30688.1641,False,-0.0236
2023-06-28,130740.594,30086.2461,False,-1.971
2023-06-29,132290.0715,30445.3516,False,-0.8092
2023-06-30,132427.7161,30477.252,False,-0.706
2023-07-01,132914.5413,30590.0781,False,-0.341
2023-07-02,133046.9694,30620.7695,False,-0.2417
2023-07-03,135358.2917,31156.4395,False,0.0
2023-07-04,133723.588,30777.582,False,-1.2077
2023-07-05,132586.9938,30514.166,False,-2.0474
2023-07-06,129977.266,29909.3379,False,-3.9754
2023-07-07,131845.2736,30342.2656,False,-2.5953
2023-07-08,131630.7206,30292.541,False,-2.7539
2023-07-09,131107.3036,30171.2344,False,-3.1405
2023-07-10,132156.8259,30414.4707,False,-2.3652
2023-07-11,133047.7532,30620.9512,False,-1.707
2023-07-12,132058.3434,30391.6465,False,-2.4379
2023-07-13,136737.3504,31476.0488,False,0.0
2023-07-14,131809.9039,30334.0684,False,-3.6036
2023-07-15,131644.8112,30295.8066,False,-3.7243
2023-07-16,131443.4218,30249.1328,False,-3.8716
2023-07-17,130997.9413,30145.8887,False,-4.1974
2023-07-18,129749.5493,29856.5625,False,-5.1104
2023-07-19,129997.0535,29913.9238,False,-4.9294
2023-07-20,129471.0408,29792.0156,False,-5.3141
2023-07-21,129974.704,29908.7441,False,-4.9457
2023-07-22,129383.8257,29771.8027,False,-5.3778
2023-07-23,130733.2285,30084.5391,False,-4.391
2023-07-24,126816.9933,29176.916,False,-7.255
2023-07-25,127034.7824,29227.3906,False,-7.0958
2023-07-26,127585.2767,29354.9727,False,-6.6932
2023-07-27,126962.7198,29210.6895,False,-7.1485
2023-07-28,127431.1228,29319.2461,False,-6.8059
2023-07-29,127593.6703,29356.918,False,-6.687
2023-07-30,127241.5401,29275.3086,False,-6.9446
2023-07-31,127046.5218,29230.1113,False,-7.0872
2023-08-01,128969.2991,29675.7324,False,-5.681
2023-08-02,126709.3081,29151.959,False,-7.3338
2023-08-03,126824.6032,29178.6797,False,-7.2495
2023-08-04,126373.3247,29074.0918,False,-7.5795
2023-08-05,126235.402,29042.127,False,-7.6804
2023-08-06,126234.2306,29041.8555,False,-7.6812
2023-08-07,126832.7947,29180.5781,False,-7.2435
2023-08-08,129356.5968,29765.4922,False,-5.3978
2023-08-09,128476.3808,29561.4941,False,-6.0415
2023-08-10,127907.2452,29429.5918,False,-6.4577
2023-08-11,127769.7017,29397.7148,False,-6.5583
2023-08-12,127848.4473,29415.9648,False,-6.5007
2023-08-13,127274.3564,29282.9141,False,-6.9206
2023-08-14,127815.9934,29408.4434,False,-6.5244
2023-08-15,126788.652,29170.3477,False,-7.2758
2023-08-16,124766.8612,28701.7793,False,-8.7544
2023-08-17,115976.5755,26664.5508,False,-15.183
2023-08-18,113322.983,26049.5566,False,-17.1236
2023-08-19,113524.2629,26096.2051,False,-16.9764
2023-08-20,113927.1766,26189.584,False,-16.6817
2023-08-21,113475.7182,26124.1406,False,-17.0119
2023-08-22,113475.7182,26031.6562,False,-17.0119
2023-08-23,113475.7182,26431.6406,False,-17.0119
2023-08-24,113475.7182,26162.373,False,-17.0119
2023-08-25,113475.7182,26047.668,False,-17.0119
2023-08-26,113475.7182,26008.4629,False,-17.0119
2023-08-27,113475.7182,26089.6934,False,-17.0119
2023-08-28,113475.7182,26106.1504,False,-17.0119
2023-08-29,113475.7182,27727.3926,False,-17.0119
2023-08-30,113475.7182,27297.2656,False,-17.0119
2023-08-31,113475.7182,25931.4727,False,-17.0119
2023-09-01,113475.7182,25800.7246,False,-17.0119
2023-09-02,113475.7182,25868.7988,False,-17.0119
2023-09-03,113475.7182,25969.5664,False,-17.0119
2023-09-04,113475.7182,25812.416,False,-17.0119
2023-09-05,113475.7182,25779.9824,False,-17.0119
2023-09-06,113475.7182,25753.2363,False,-17.0119
2023-09-07,113475.7182,26240.1953,False,-17.0119
2023-09-08,113475.7182,25905.6543,False,-17.0119
2023-09-09,113475.7182,25895.6777,False,-17.0119
2023-09-10,113475.7182,25832.2266,False,-17.0119
2023-09-11,113475.7182,25162.6543,False,-17.0119
2023-09-12,113475.7182,25833.3438,False,-17.0119
2023-09-13,113475.7182,26228.3242,False,-17.0119
2023-09-14,113475.7182,26539.6738,False,-17.0119
2023-09-15,113475.7182,26608.6934,False,-17.0119
2023-09-16,113475.7182,26568.2812,False,-17.0119
2023-09-17,113475.7182,26534.1875,False,-17.0119
2023-09-18,113475.7182,26754.2812,False,-17.0119
2023-09-19,113475.7182,27211.1172,False,-17.0119
2023-09-20,113475.7182,27132.0078,False,-17.0119
2023-09-21,113475.7182,26567.6328,False,-17.0119
2023-09-22,113475.7182,26579.5684,False,-17.0119
2023-09-23,113475.7182,26579.3906,False,-17.0119
2023-09-24,113475.7182,26256.8262,False,-17.0119
2023-09-25,113475.7182,26298.4805,False,-17.0119
2023-09-26,113475.7182,26217.25,False,-17.0119
2023-09-27,113475.7182,26352.7168,False,-17.0119
2023-09-28,113475.7182,27021.5469,False,-17.0119
2023-09-29,113475.7182,26911.7207,False,-17.0119
2023-09-30,113475.7182,26967.916,False,-17.0119
2023-10-01,113475.7182,27983.75,False,-17.0119
2023-10-02,113475.7182,27530.7852,False,-17.0119
2023-10-03,113475.7182,27429.9785,False,-17.0119
2023-10-04,113475.7182,27799.3945,False,-17.0119
2023-10-05,113475.7182,27415.9121,False,-17.0119
2023-10-06,113475.7182,27946.5977,False,-17.0119
2023-10-07,113475.7182,27968.8398,False,-17.0119
2023-10-08,113475.7182,27935.0898,False,-17.0119
2023-10-09,113475.7182,27583.6777,False,-17.0119
2023-10-10,113475.7182,27391.0195,False,-17.0119
2023-10-11,113475.7182,26873.3203,False,-17.0119
2023-10-12,113475.7182,26756.7988,False,-17.0119
2023-10-13,113475.7182,26862.375,False,-17.0119
2023-10-14,113475.7182,26861.707,False,-17.0119
2023-10-15,113475.7182,27159.6523,False,-17.0119
2023-10-16,113475.7182,28519.4668,False,-17.0119
2023-10-17,113475.7182,28415.748,False,-17.0119
2023-10-18,113475.7182,28328.3418,False,-17.0119
2023-10-19,113475.7182,28719.8066,False,-17.0119
2023-10-20,113307.4592,29682.9492,False,-17.135
2023-10-21,114197.2801,29918.4121,False,-16.4842
2023-10-22,114482.5377,29993.8965,False,-16.2756
2023-10-23,126168.5697,33086.2344,False,-7.7293
2023-10-24,129249.5849,33901.5273,False,-5.476
2023-10-25,131521.8879,34502.8203,False,-3.8142
2023-10-26,130213.6947,34156.6484,False,-4.7709
2023-10-27,129280.8504,33909.8008,False,-5.4532
2023-10-28,129960.2193,34089.5742,False,-4.9563
2023-10-29,131656.6487,34538.4805,False,-3.7157
2023-10-30,131520.1608,34502.3633,False,-3.8155
2023-10-31,132145.28,34667.7812,False,-3.3583
2023-11-01,135053.1388,35437.2539,False,-1.2317
2023-11-02,133167.3595,34938.2422,False,-2.6108
2023-11-03,132389.1897,34732.3242,False,-3.1799
2023-11-04,133711.3624,35082.1953,False,-2.213
2023-11-05,133587.2597,35049.3555,False,-2.3038
2023-11-06,133541.9704,35037.3711,False,-2.3369
2023-11-07,135076.9792,35443.5625,False,-1.2143
2023-11-08,135877.0555,35655.2773,False,-0.6292
2023-11-09,139799.1111,36693.125,False,0.0
2023-11-10,142145.2971,37313.9688,False,0.0
2023-11-11,141480.4982,37138.0508,False,-0.4677
2023-11-12,141164.8312,37054.5195,False,-0.6898
2023-11-13,139078.1877,36502.3555,False,-2.1577
2023-11-14,135432.5031,35537.6406,False,-4.7225
2023-11-15,144286.5447,37880.582,False,0.0
2023-11-16,137764.6506,36154.7695,False,-4.5201
2023-11-17,139434.6563,36596.6836,False,-3.3627
2023-11-18,139393.1608,36585.7031,False,-3.3914
2023-11-19,142419.5719,37386.5469,False,-1.2939
2023-11-20,142761.2344,37476.957,False,-1.0571
2023-11-21,136476.1644,35813.8125,False,-5.4131
2023-11-22,142592.6248,37432.3398,False,-1.174
2023-11-23,142053.2867,37289.6211,False,-1.5478
2023-11-24,143680.7635,37720.2812,False,-0.4198
2023-11-25,143969.9035,37796.793,False,-0.2195
2023-11-26,142769.4125,37479.1211,False,-1.0515
2023-11-27,141919.3083,37254.168,False,-1.6406
2023-11-28,144099.4976,37831.0859,False,-0.1296
2023-11-29,144203.0666,37858.4922,False,-0.0579
2023-11-30,143652.288,37712.7461,False,-0.4396
2023-12-01,147340.6342,38688.75,False,0.0
2023-12-02,150316.9289,39476.332,False,0.0
2023-12-03,152214.2225,39978.3906,False,0.0
2023-12-04,159778.7298,41980.0977,False,0.0
2023-12-05,167716.7705,44080.6484,False,0.0
2023-12-06,166453.8074,43746.4453,False,-0.753
2023-12-07,164738.9553,43292.6641,False,-1.7755
2023-12-08,168041.5897,44166.6016,False,0.0
2023-12-09,166376.485,43725.9844,False,-0.9909
2023-12-10,166579.4749,43779.6992,False,-0.8701
2023-12-11,156996.3613,41243.832,False,-6.5729
2023-12-12,157776.3173,41450.2227,False,-6.1088
2023-12-13,163220.0812,42890.7422,False,-2.8692
2023-12-14,163723.5629,43023.9727,False,-2.5696
2023-12-15,159588.4941,41929.7578,False,-5.0304
2023-12-16,160761.351,42240.1172,False,-4.3324
2023-12-17,157452.9889,41364.6641,False,-6.3012
2023-12-18,162210.3131,42623.5391,False,-3.4701
2023-12-19,160876.2718,42270.5273,False,-4.264
2023-12-20,166097.8407,43652.25,False,-1.1567
2023-12-21,166917.5208,43869.1523,False,-0.6689
2023-12-22,167404.0706,43997.9023,False,-0.3794
2023-12-23,166427.7233,43739.543,False,-0.9604
2023-12-24,163693.8769,43016.1172,False,-2.5873
2023-12-25,165950.0453,43613.1406,False,-1.2447
2023-12-26,161820.5565,42520.4023,False,-3.7021
2023-12-27,165306.5328,43442.8555,False,-1.6276
2023-12-28,162226.6249,42627.8555,False,-3.4604
2023-12-29,160229.5856,42099.4023,False,-4.6489
2023-12-30,160446.8797,42156.9023,False,-4.5195
2023-12-31,160856.0924,42265.1875,False,-4.276
2024-01-01,168044.3502,44167.332,False,0.0
2024-01-02,171032.1887,44957.9688,False,0.0
2024-01-03,163059.2215,42848.1758,False,-4.6617
2024-01-04,168091.9276,44179.9219,False,-1.7191
2024-01-05,168026.8132,44162.6914,False,-1.7572
2024-01-06,167371.1665,43989.1953,False,-2.1405
2024-01-07,167196.9622,43943.0977,False,-2.2424
2024-01-08,178637.6158,46970.5039,False,0.0
2024-01-09,175498.0995,46139.7305,False,-1.7575
2024-01-10,177342.4424,46627.7773,False,-0.725
2024-01-11,176362.9508,46368.5859,False,-1.2733
2024-01-12,163078.0872,42853.168,False,-8.7101
2024-01-13,163037.3298,42842.3828,False,-8.7329
2024-01-14,159084.0382,41796.2695,False,-10.9459
2024-01-15,161788.6857,42511.9688,False,-9.4319
2024-01-16,164218.5123,43154.9453,False,-8.0717
2024-01-17,162660.4455,42742.6523,False,-8.9439
2024-01-18,157065.24,41262.0586,False,-12.0761
2024-01-19,158411.8878,41618.4062,False,-11.3222
2024-01-20,158590.1812,41665.5859,False,-11.2224
2024-01-21,158137.4507,41545.7852,False,-11.4758
2024-01-22,150434.2117,39507.3672,False,-15.7881
2024-01-23,151712.217,39845.5508,False,-15.0726
2024-01-24,152587.1506,40077.0742,False,-14.5829
2024-01-25,152045.7458,39933.8086,False,-14.8859
2024-01-26,159161.8921,41816.8711,False,-10.9024
2024-01-27,160307.6314,42120.0547,False,-10.261
2024-01-28,159988.4511,42035.5938,False,-10.4397
2024-01-29,164722.2597,43288.2461,False,-7.7897
2024-01-30,163453.879,42952.6094,False,-8.4997
2024-01-31,162055.6238,42582.6055,False,-9.2825
2024-02-01,163919.3195,43075.7734,False,-8.2392
2024-02-02,164335.3374,43185.8594,False,-8.0063
2024-02-03,163603.6821,42992.25,False,-8.4159
2024-02-04,162059.3143,42583.582,False,-9.2804
2024-02-05,162343.0662,42658.668,False,-9.1216
2024-02-06,163952.947,43084.6719,False,-8.2204
2024-02-07,168614.5701,44318.2227,False,-5.6108
2024-02-08,172330.6539,45301.5664,False,-3.5306
2024-02-09,179305.3523,47147.1992,False,0.0
2024-02-10,181663.7612,47771.2773,False,0.0
2024-02-11,183638.8348,48293.918,False,0.0
2024-02-12,189928.2891,49958.2227,False,0.0
2024-02-13,189112.8457,49742.4414,False,-0.4293
2024-02-14,196989.3,51826.6953,False,0.0
2024-02-15,197412.0197,51938.5547,False,0.0
2024-02-16,198249.6354,52160.2031,False,0.0
2024-02-17,196370.676,51662.9961,False,-0.9478
2024-02-18,198107.3314,52122.5469,False,-0.0718
2024-02-19,196809.6043,51779.1445,False,-0.7264
2024-02-20,198720.774,52284.875,False,0.0
2024-02-21,197036.4788,51839.1797,False,-0.8476
2024-02-22,195017.6954,51304.9727,False,-1.8635
2024-02-23,192852.2236,50731.9492,False,-2.9532
2024-02-24,196023.404,51571.1016,False,-1.3574
2024-02-25,196636.1232,51733.2383,False,-1.049
2024-02-26,207176.4529,54522.4023,False,0.0
2024-02-27,216861.984,57085.3711,False,0.0
2024-02-28,237342.1173,62504.7891,False,0.0
2024-02-29,232405.1713,61198.3828,False,-2.0801
2024-03-01,237099.6691,62440.6328,False,-0.1022
2024-03-02,235547.3004,62029.8477,False,-0.7562
2024-03-03,239846.0335,63167.3711,False,0.0
2024-03-04,259357.3185,68330.4141,False,0.0
2024-03-05,242241.2879,63801.1992,False,-6.5994
2024-03-06,250954.2359,66106.8047,False,-3.24
2024-03-07,254048.0496,66925.4844,False,-2.0471
2024-03-08,259242.7372,68300.0938,False,-0.0442
2024-03-09,259993.9666,68498.8828,False,0.0
2024-03-10,261962.486,69019.7891,False,0.0
2024-03-11,273693.0324,72123.9062,False,0.0
2024-03-12,271264.5639,71481.2891,False,-0.8873
2024-03-13,277319.3642,73083.5,False,0.0
2024-03-14,270944.498,71396.5938,False,-2.2987
2024-03-15,263413.5738,69403.7734,False,-5.0144
2024-03-16,247962.4266,65315.1172,False,-10.586
2024-03-17,259584.8573,68390.625,False,-6.395
2024-03-18,256402.7975,67548.5938,False,-7.5424
2024-03-19,235104.8736,61912.7734,False,-15.2223
2024-03-20,257782.438,67913.6719,False,-7.0449
2024-03-21,248628.5689,65491.3906,False,-10.3458
2024-03-22,242156.4959,63778.7617,False,-12.6796
2024-03-23,243227.629,64062.2031,False,-12.2933
2024-03-24,255214.5883,67234.1719,False,-7.9709
2024-03-25,265511.0821,69958.8125,False,-4.258
2024-03-26,265620.7625,69987.8359,False,-4.2185
2024-03-27,263608.4595,69455.3438,False,-4.9441
2024-03-28,268481.9297,70744.9531,False,-3.1867
2024-03-29,265261.7253,69892.8281,False,-4.3479
2024-03-30,264326.3272,69645.3047,False,-4.6852
2024-03-31,270706.6258,71333.6484,False,-2.3845
2024-04-01,264541.1413,69702.1484,False,-4.6078
2024-04-02,248460.7121,65446.9727,False,-10.4063
2024-04-03,250478.1079,65980.8125,False,-9.6788
2024-04-04,260031.6093,68508.8438,False,-6.2339
2024-04-05,257495.1138,67837.6406,False,-7.1485
2024-04-06,261495.097,68896.1094,False,-5.7062
2024-04-07,263257.807,69362.5547,False,-5.0705
2024-04-08,271831.6839,71631.3594,False,-1.9788
2024-04-09,262413.0466,69139.0156,False,-5.3751
2024-04-10,267888.3565,70587.8828,False,-3.4008
2024-04-11,265895.7753,70060.6094,False,-4.1193
2024-04-12,255069.8338,67195.8672,False,-8.0231
2024-04-13,242317.9018,63821.4727,False,-12.6214
2024-04-14,249563.2583,65738.7266,False,-10.0087
2024-04-15,240824.1966,63426.2109,False,-13.16
2024-04-16,242281.5877,63811.8633,False,-12.6345
2024-04-17,232701.1017,61276.6914,False,-16.0891
2024-04-18,241151.2449,63512.7539,False,-13.042
2024-04-19,242401.4094,63843.5703,False,-12.5912
2024-04-20,246750.5837,64994.4414,False,-11.023
2024-04-21,246494.3774,64926.6445,False,-11.1153
2024-04-22,253716.2332,66837.6797,False,-8.5112
2024-04-23,252089.7158,66407.2734,False,-9.0977
2024-04-24,244038.9686,64276.8984,False,-12.0007
2024-04-25,244812.9461,64481.707,False,-11.7217
2024-04-26,242067.9102,63755.3203,False,-12.7115
2024-04-27,240797.4777,63419.1406,False,-13.1696
2024-04-28,239641.4346,63113.2305,False,-13.5865
2024-04-29,242392.1538,63841.1211,False,-12.5946
2024-04-30,230283.1436,60636.8555,False,-16.961
2024-05-01,221278.3099,58254.0117,False,-20.2081
2024-05-02,224563.8797,59123.4336,False,-19.0234
2024-05-03,238797.2203,62889.8359,False,-13.8909
2024-05-04,242582.4337,63891.4727,False,-12.526
2024-05-05,243110.2134,64031.1328,False,-12.3357
2024-05-06,239825.5441,63161.9492,False,-13.5201
2024-05-07,236699.7859,62334.8164,False,-14.6472
2024-05-08,232365.7129,61187.9414,False,-16.2101
2024-05-09,239402.3372,63049.9609,False,-13.6727
2024-05-10,230872.3768,60792.7773,False,-16.7486
2024-05-11,230875.9049,60793.7109,False,-16.7473
2024-05-12,233349.9726,61448.3945,False,-15.8551
2024-05-13,238841.1073,62901.4492,False,-13.8751
2024-05-14,233744.4825,61552.7891,False,-15.7129
2024-05-15,251561.4785,66267.4922,False,-9.2882
2024-05-16,247646.7449,65231.582,False,-10.6998
2024-05-17,254525.6833,67051.875,False,-8.2193
2024-05-18,254105.9455,66940.8047,False,-8.3706
2024-05-19,251602.5755,66278.3672,False,-9.2733
2024-05-20,271139.5017,71448.1953,False,-2.2284
2024-05-21,266182.6862,70136.5312,False,-4.0158
2024-05-22,262350.0136,69122.3359,False,-5.3979
2024-05-23,257842.4891,67929.5625,False,-7.0233
2024-05-24,260096.827,68526.1016,False,-6.2104
2024-05-25,262892.7174,69265.9453,False,-5.2022
2024-05-26,260066.5653,68518.0938,False,-6.2213
2024-05-27,263378.7359,69394.5547,False,-5.0269
2024-05-28,259228.0934,68296.2188,False,-6.5236
2024-05-29,256514.2788,67578.0938,False,-7.5022
2024-05-30,259487.9902,68364.9922,False,-6.4299
2024-05-31,256186.7138,67491.4141,False,-7.6203
2024-06-01,257001.183,67706.9375,False,-7.3266
2024-06-02,257169.9697,67751.6016,False,-7.2658
2024-06-03,261149.9654,68804.7812,False,-5.8306
2024-06-04,267812.3331,70567.7656,False,-3.4282
2024-06-05,269758.7393,71082.8203,False,-2.7263
2024-06-06,268528.0751,70757.1641,False,-3.1701
2024-06-07,263182.3445,69342.5859,False,-5.0977
2024-06-08,263043.229,69305.7734,False,-5.1479
2024-06-09,264336.4834,69647.9922,False,-4.6816
2024-06-10,263823.6279,69512.2812,False,-4.8665
2024-06-11,255584.4017,67332.0312,False,-7.8375
2024-06-12,259020.1288,68241.1875,False,-6.5986
2024-06-13,253409.069,66756.3984,False,-8.6219
2024-06-14,250592.5416,66011.0938,False,-9.6376
2024-06-15,251272.4124,66191.0,False,-9.3924
2024-06-16,252965.5942,66639.0469,False,-8.7818
2024-06-17,252403.4637,66490.2969,False,-8.9846
2024-06-18,247303.4733,65140.7461,False,-10.8236
2024-06-19,246621.5506,64960.2969,False,-11.0695
2024-06-20,246124.077,64828.6562,False,-11.2489
2024-06-21,243356.1012,64096.1992,False,-12.247
2024-06-22,243947.0615,64252.5781,False,-12.0339
2024-06-23,239896.7699,63180.7969,False,-13.4944
2024-06-24,228924.8044,60277.4141,False,-17.4508
2024-06-25,234696.2367,61804.6406,False,-15.3697
2024-06-26,230942.2888,60811.2773,False,-16.7233
2024-06-27,233941.0363,61604.8008,False,-15.642
2024-06-28,229086.2545,60320.1367,False,-17.3926
2024-06-29,231229.8788,60887.3789,False,-16.6196
2024-06-30,237997.7935,62678.293,False,-14.1792
2024-07-01,238654.1635,62851.9805,False,-13.9425
2024-07-02,235544.1561,62029.0156,False,-15.0639
2024-07-03,228533.7045,60173.9219,False,-17.5919
2024-07-04,216455.1038,56977.7031,False,-21.9474
2024-07-05,215263.4699,56662.375,False,-22.3771
2024-07-06,221465.4751,58303.5391,False,-20.1406
2024-07-07,212190.1161,55849.1094,False,-23.4853
2024-07-08,215103.4848,56705.0977,False,-22.4347
2024-07-09,215103.4848,58009.2266,False,-22.4347
2024-07-10,215103.4848,57742.4961,False,-22.4347
2024-07-11,215103.4848,57344.9141,False,-22.4347
2024-07-12,215103.4848,57899.4648,False,-22.4347
2024-07-13,215103.4848,59231.9531,False,-22.4347
2024-07-14,215103.4848,60787.793,False,-22.4347
2024-07-15,215103.4848,64870.1523,False,-22.4347
2024-07-16,215103.4848,65097.1484,False,-22.4347
2024-07-17,214784.5345,64118.793,False,-22.5498
2024-07-18,214304.5861,63974.0664,False,-22.7228
2024-07-19,223378.1249,66710.1562,False,-19.4509
2024-07-20,224882.0152,67163.6484,False,-18.9087
2024-07-21,228167.9975,68154.5234,False,-17.7237
2024-07-22,226280.1484,67585.25,False,-18.4045
2024-07-23,220783.2166,65927.6719,False,-20.3867
2024-07-24,218940.914,65372.1328,False,-21.051
2024-07-25,220284.3033,65777.2266,False,-20.5666
2024-07-26,227363.9381,67912.0625,False,-18.0137
2024-07-27,227036.5368,67813.3359,False,-18.1317
2024-07-28,228504.078,68255.8672,False,-17.6026
2024-07-29,223742.1085,66819.9141,False,-19.3197
2024-07-30,221689.6909,66201.0156,False,-20.0598
2024-07-31,216444.1716,64619.25,False,-21.9513
2024-08-01,218892.3881,65357.5,False,-21.0685
2024-08-02,205818.3202,61415.0664,False,-25.7829
2024-08-03,203380.9722,60680.0938,False,-26.6618
2024-08-04,194881.0527,58116.9766,False,-29.7269
2024-08-05,181199.8274,53991.457,False,-34.6602
2024-08-06,187974.4455,56034.3164,False,-32.2173
2024-08-07,184361.7415,55027.4609,False,-33.5201
2024-08-08,184361.7415,61710.1367,False,-33.5201
2024-08-09,184361.7415,60880.1133,False,-33.5201
2024-08-10,184361.7415,60945.8125,False,-33.5201
2024-08-11,184361.7415,58719.4844,False,-33.5201
2024-08-12,184361.7415,59354.5156,False,-33.5201
2024-08-13,184361.7415,60609.5664,False,-33.5201
2024-08-14,184361.7415,58737.2695,False,-33.5201
2024-08-15,184361.7415,57560.0977,False,-33.5201
2024-08-16,184361.7415,58894.1055,False,-33.5201
2024-08-17,184361.7415,59478.9727,False,-33.5201
2024-08-18,184361.7415,58483.9648,False,-33.5201
2024-08-19,184361.7415,59493.4531,False,-33.5201
2024-08-20,184361.7415,59012.793,False,-33.5201
2024-08-21,184361.7415,61175.1914,False,-33.5201
2024-08-22,184361.7415,60381.9141,False,-33.5201
2024-08-23,184361.7415,64094.3555,False,-33.5201
2024-08-24,184361.7415,64178.9922,False,-33.5201
2024-08-25,184361.7415,64333.543,False,-33.5201
2024-08-26,184361.7415,62880.6602,False,-33.5201
2024-08-27,184361.7415,59504.1328,False,-33.5201
2024-08-28,184361.7415,59027.625,False,-33.5201
2024-08-29,184361.7415,59388.1797,False,-33.5201
2024-08-30,184361.7415,59119.4766,False,-33.5201
2024-08-31,184361.7415,58969.8984,False,-33.5201
2024-09-01,184361.7415,57325.4883,False,-33.5201
2024-09-02,184361.7415,59112.4805,False,-33.5201
2024-09-03,184361.7415,57431.0234,False,-33.5201
2024-09-04,184361.7415,57971.5391,False,-33.5201
2024-09-05,184361.7415,56160.4883,False,-33.5201
2024-09-06,184361.7415,53948.7539,False,-33.5201
2024-09-07,184361.7415,54139.6875,False,-33.5201
2024-09-08,184361.7415,54841.5664,False,-33.5201
2024-09-09,184361.7415,57019.5352,False,-33.5201
2024-09-10,184361.7415,57648.7109,False,-33.5201
2024-09-11,184361.7415,57343.1719,False,-33.5201
2024-09-12,184361.7415,58127.0117,False,-33.5201
2024-09-13,184361.7415,60571.3008,False,-33.5201
2024-09-14,184361.7415,60005.1211,False,-33.5201
2024-09-15,184361.7415,59182.8359,False,-33.5201
2024-09-16,184361.7415,58192.5078,False,-33.5201
2024-09-17,184361.7415,60308.5391,False,-33.5201
2024-09-18,184361.7415,61649.6797,False,-33.5201
2024-09-19,184361.7415,62940.457,False,-33.5201
2024-09-20,184361.7415,63192.9766,False,-33.5201
2024-09-21,184361.7415,63394.8398,False,-33.5201
2024-09-22,184361.7415,63648.7109,False,-33.5201
2024-09-23,184361.7415,63329.8008,False,-33.5201
2024-09-24,184361.7415,64301.9688,False,-33.5201
2024-09-25,184361.7415,63143.1445,False,-33.5201
2024-09-26,184361.7415,65181.0195,False,-33.5201
2024-09-27,184361.7415,65790.6641,False,-33.5201
2024-09-28,184361.7415,65887.6484,False,-33.5201
2024-09-29,184361.7415,65635.3047,False,-33.5201
2024-09-30,184361.7415,63329.5,False,-33.5201
2024-10-01,184361.7415,60837.0078,False,-33.5201
2024-10-02,184361.7415,60632.7852,False,-33.5201
2024-10-03,184361.7415,60759.4023,False,-33.5201
2024-10-04,184361.7415,62067.4766,False,-33.5201
2024-10-05,184361.7415,62089.9492,False,-33.5201
2024-10-06,184361.7415,62818.9531,False,-33.5201
2024-10-07,184361.7415,62236.6602,False,-33.5201
2024-10-08,184361.7415,62131.9688,False,-33.5201
2024-10-09,184361.7415,60582.1016,False,-33.5201
2024-10-10,184361.7415,60274.5,False,-33.5201
2024-10-11,184361.7415,62445.0898,False,-33.5201
2024-10-12,184361.7415,63193.0234,False,-33.5201
2024-10-13,184361.7415,62851.375,False,-33.5201
2024-10-14,184361.7415,66046.125,False,-33.5201
2024-10-15,184361.7415,67041.1094,False,-33.5201
2024-10-16,184361.7415,67612.7188,False,-33.5201
2024-10-17,184361.7415,67399.8359,False,-33.5201
2024-10-18,184088.3743,68418.7891,False,-33.6186
2024-10-19,183939.0634,68362.7344,False,-33.6725
2024-10-20,185641.0623,69001.7031,False,-33.0587
2024-10-21,181289.0285,67367.8516,False,-34.6281
2024-10-22,181271.8604,67361.4062,False,-34.6343
2024-10-23,178796.7534,66432.1953,False,-35.5268
2024-10-24,183401.8562,68161.0547,False,-33.8662
2024-10-25,179356.7058,66642.4141,False,-35.3249
2024-10-26,180348.3385,67014.6953,False,-34.9673
2024-10-27,182784.531,67929.2969,False,-34.0888
2024-10-28,188054.4888,69907.7578,False,-32.1885
2024-10-29,195546.6718,72720.4922,False,-29.4868
2024-10-30,194531.9402,72339.5391,False,-29.8527
2024-10-31,188873.3786,70215.1875,False,-31.8932
2024-11-01,186921.661,69482.4688,False,-32.597
2024-11-02,186407.0534,69289.2734,False,-32.7825
2024-11-03,184946.9486,68741.1172,False,-33.309
2024-11-04,182470.7803,67811.5078,False,-34.2019
2024-11-05,186594.2799,69359.5625,False,-32.715
2024-11-06,203320.808,75639.0781,False,-26.6835
2024-11-07,204028.7603,75904.8594,False,-26.4282
2024-11-08,205735.1501,76545.4766,False,-25.8129
2024-11-09,206356.8247,76778.8672,False,-25.5887
2024-11-10,216199.9213,80474.1875,False,-22.0394
2024-11-11,238114.6868,88701.4844,False,-14.137
2024-11-12,236128.4665,87955.8125,False,-14.8532
2024-11-13,243129.5154,90584.1641,False,-12.3287
2024-11-14,234249.5627,87250.4297,False,-15.5308
2024-11-15,244412.9859,91066.0078,False,-11.8659
2024-11-16,243061.0925,90558.4766,False,-12.3534
2024-11-17,241162.898,89845.8516,False,-13.0378
2024-11-18,243018.9109,90542.6406,False,-12.3686
2024-11-19,247816.5675,92343.7891,False,-10.6386
2024-11-20,253132.4528,94339.4922,False,-8.7217
2024-11-21,264227.2432,98504.7266,False,-4.721
2024-11-22,265540.2637,98997.6641,False,-4.2475
2024-11-23,262289.5723,97777.2812,False,-5.4197
2024-11-24,262919.6333,98013.8203,False,-5.1925
2024-11-25,249836.9785,93102.2969,False,-9.91
2024-11-26,246861.7268,91985.3203,False,-10.9829
2024-11-27,257455.6857,95962.5312,False,-7.1627
2024-11-28,256629.7829,95652.4688,False,-7.4606
2024-11-29,261448.4992,97461.5234,False,-5.723
2024-11-30,258751.6213,96449.0547,False,-6.6954
2024-12-01,260964.4197,97279.7891,False,-5.8975
2024-12-02,257196.7067,95865.3047,False,-7.2561
2024-12-03,257561.2542,96002.1641,False,-7.1247
2024-12-04,264929.9306,98768.5312,False,-4.4676
2024-12-05,259136.5626,96593.5703,False,-6.5566
2024-12-06,267998.9517,99920.7109,False,-3.3609
2024-12-07,268005.9438,99923.3359,False,-3.3584
2024-12-08,271502.4832,101236.0156,False,-2.0975
2024-12-09,261371.7732,97432.7188,False,-5.7506
2024-12-10,259354.6085,96675.4297,False,-6.478
2024-12-11,271334.7139,101173.0312,False,-2.158
2024-12-12,268324.6888,100043.0,False,-3.2434
2024-12-13,272097.1257,101459.2578,False,-1.8831
2024-12-14,271867.2805,101372.9688,False,-1.966
2024-12-15,279660.4369,104298.6953,False,0.0
2024-12-16,284271.3041,106029.7188,False,0.0
2024-12-17,284566.6588,106140.6016,False,0.0
2024-12-18,268320.7974,100041.5391,False,-5.709
2024-12-19,261526.89,97490.9531,False,-8.0964
2024-12-20,262232.6989,97755.9297,False,-7.8484
2024-12-21,260817.7516,97224.7266,False,-8.3456
2024-12-22,255171.3429,95104.9375,False,-10.3299
2024-12-23,254056.0787,94686.2422,False,-10.7218
2024-12-24,264683.7081,98676.0938,False,-6.9871
2024-12-25,266343.4421,99299.1953,False,-6.4038
2024-12-26,257010.8119,95795.5156,False,-9.6834
2024-12-27,252667.2894,94164.8594,False,-11.2098
2024-12-28,255328.4784,95163.9297,False,-10.2746
2024-12-29,250976.84,93530.2266,False,-11.8038
2024-12-30,248614.1272,92643.2109,False,-12.6341
2024-12-31,250707.7474,93429.2031,False,-11.8984
2025-01-01,253346.2535,94419.7578,False,-10.9712
2025-01-02,259917.8281,96886.875,False,-8.6619
2025-01-03,263168.9773,98107.4297,False,-7.5194
2025-01-04,263512.0491,98236.2266,False,-7.3988
2025-01-05,263721.7711,98314.9609,False,-7.3251
2025-01-06,273745.4767,102078.0859,False,-3.8027
2025-01-07,260013.2622,96922.7031,False,-8.6283
2025-01-08,255007.7564,95043.5234,False,-10.3873
2025-01-09,248190.1466,92484.0391,False,-12.7831
2025-01-10,254096.5956,94701.4531,False,-10.7075
2025-01-11,253737.3753,94566.5938,False,-10.8338
2025-01-12,253529.1932,94488.4375,False,-10.9069
2025-01-13,253604.0048,94516.5234,False,-10.8806
2025-01-14,258978.012,96534.0469,False,-8.9921
2025-01-15,269553.9496,100504.4922,False,-5.2756
2025-01-16,267562.6308,99756.9062,False,-5.9754
2025-01-17,280095.53,104462.0391,False,-1.5712
2025-01-18,279951.7753,104408.0703,False,-1.6217
2025-01-19,271112.506,101089.6094,False,-4.7279
2025-01-20,273581.8694,102016.6641,False,-3.8602
2025-01-21,284581.7459,106146.2656,False,0.0
2025-01-22,277940.708,103653.0703,False,-2.3336
2025-01-23,278758.7238,103960.1719,False,-2.0462
2025-01-24,281047.6447,104819.4844,False,-1.2419
2025-01-25,280768.3969,104714.6484,False,-1.34
2025-01-26,275355.4335,102682.5,False,-3.2421
2025-01-27,273771.0521,102087.6875,False,-3.7988
2025-01-28,271759.4229,101332.4766,False,-4.5057
2025-01-29,278074.2659,103703.2109,False,-2.2867
2025-01-30,280823.4182,104735.3047,False,-1.3206
2025-01-31,274616.3288,102405.0234,False,-3.5018
2025-02-01,269957.266,100655.9062,False,-5.1389
2025-02-02,262054.3582,97688.9766,False,-7.916
2025-02-03,271953.7248,101405.4219,False,-4.4374
2025-02-04,262541.3928,97871.8203,False,-7.7448
2025-02-05,259194.8302,96615.4453,False,-8.9208
2025-02-06,259135.8342,96593.2969,False,-8.9415
2025-02-07,258964.7978,96529.0859,False,-9.0016
2025-02-08,258840.5836,96482.4531,False,-9.0453
2025-02-09,258887.5723,96500.0938,False,-9.0287
2025-02-10,261384.6545,97437.5547,False,-8.1513
2025-02-11,256882.7271,95747.4297,False,-9.7332
2025-02-12,262578.7881,97885.8594,False,-7.7317
2025-02-13,259217.2633,96623.8672,False,-8.9129
2025-02-14,261574.8776,97508.9688,False,-8.0844
2025-02-15,261765.0176,97580.3516,False,-8.0176
2025-02-16,258021.7146,96175.0312,False,-9.333
2025-02-17,256951.8575,95773.3828,False,-9.7089
2025-02-18,256328.9969,95539.5469,False,-9.9278
2025-02-19,259248.5405,96635.6094,False,-8.9019
2025-02-20,263772.3183,98333.9375,False,-7.3123
2025-02-21,257889.9047,96125.5469,False,-9.3793
2025-02-22,259094.4433,96577.7578,False,-8.9561
2025-02-23,258285.1261,96273.9219,False,-9.2404
2025-02-24,245351.0331,91418.1719,False,-13.7854
2025-02-25,238207.0827,88736.1719,False,-16.2957
2025-02-26,226515.8601,84347.0234,False,-20.4039
2025-02-27,227467.3297,84704.2266,False,-20.0696
2025-02-28,226585.0738,84373.0078,False,-20.3796
2025-03-01,231003.8449,86031.9141,False,-18.8269
2025-03-02,252889.6847,94248.3516,False,-11.1364
2025-03-03,231093.7644,86065.6719,False,-18.7953
2025-03-04,234174.3558,87222.1953,False,-17.7128
2025-03-05,243234.4597,90623.5625,False,-14.5291
2025-03-06,241471.5502,89961.7266,False,-15.1486
2025-03-07,232897.0658,86742.6719,False,-18.1616
2025-03-08,231330.6225,86154.5938,False,-18.7121
2025-03-09,216537.8114,80601.0391,False,-23.9102
2025-03-10,211026.5838,78532.0,False,-25.8468
2025-03-11,222560.8165,82862.2109,False,-21.7937
2025-03-12,224851.9641,83722.3594,False,-20.9886
2025-03-13,217778.1846,81066.7031,False,-23.4743
2025-03-14,225509.2027,83969.1016,False,-20.7577
2025-03-15,226505.4344,84343.1094,False,-20.4076
2025-03-16,221808.2687,82579.6875,False,-22.0582
2025-03-17,225793.112,84075.6875,False,-20.6579
2025-03-18,222178.0187,82718.5,False,-21.9282
2025-03-19,233194.2102,86854.2266,False,-18.0572
2025-03-20,226036.8582,84167.1953,False,-20.5723
2025-03-21,225706.6885,84043.2422,False,-20.6883
2025-03-22,225145.3003,83832.4844,False,-20.8855
2025-03-23,231063.6733,86054.375,False,-18.8059
2025-03-24,234911.4419,87498.9141,False,-17.4538
2025-03-25,234838.9611,87471.7031,False,-17.4793
2025-03-26,233318.4868,86900.8828,False,-18.0135
2025-03-27,234054.2411,87177.1016,False,-17.755
2025-03-28,226532.1751,84353.1484,False,-20.3982
2025-03-29,221855.9441,82597.5859,False,-22.0414
2025-03-30,221155.2336,82334.5234,False,-22.2876
2025-03-31,221726.2985,82548.9141,False,-22.087
2025-04-01,228365.4952,85169.1719,False,-19.754
2025-04-02,228365.4952,82485.7109,False,-19.754
2025-04-03,228365.4952,83102.8281,False,-19.754
2025-04-04,228365.4952,83843.8047,False,-19.754
2025-04-05,228365.4952,83504.7969,False,-19.754
2025-04-06,228365.4952,78214.4844,False,-19.754
2025-04-07,228365.4952,79235.3359,False,-19.754
2025-04-08,228365.4952,76271.9531,False,-19.754
2025-04-09,228365.4952,82573.9531,False,-19.754
2025-04-10,228365.4952,79626.1406,False,-19.754
2025-04-11,228365.4952,83404.8359,False,-19.754
2025-04-12,228365.4952,85287.1094,False,-19.754
2025-04-13,228365.4952,83684.9766,False,-19.754
2025-04-14,228365.4952,84542.3906,False,-19.754
2025-04-15,228365.4952,83668.9922,False,-19.754
2025-04-16,228365.4952,84033.8672,False,-19.754
2025-04-17,228365.4952,84895.75,False,-19.754
2025-04-18,228365.4952,84450.8047,False,-19.754
2025-04-19,228365.4952,85063.4141,False,-19.754
2025-04-20,228365.4952,85174.3047,False,-19.754
2025-04-21,228365.4952,87518.9062,False,-19.754
2025-04-22,228365.4952,93441.8906,False,-19.754
2025-04-23,228365.4952,93699.1094,False,-19.754
2025-04-24,228365.4952,93943.7969,False,-19.754
2025-04-25,228365.4952,94720.5,False,-19.754
2025-04-26,228026.8803,94646.9297,False,-19.873
2025-04-27,225899.1583,93754.8438,False,-20.6206
2025-04-28,228818.3079,94978.75,False,-19.5949
2025-04-29,227163.1355,94284.7891,False,-20.1765
2025-04-30,226978.3455,94207.3125,False,-20.2414
2025-05-01,232428.375,96492.3359,False,-18.3263
2025-05-02,233424.717,96910.0703,False,-17.9762
2025-05-03,230996.024,95891.7969,False,-18.8296
2025-05-04,227237.5211,94315.9766,False,-20.1504
2025-05-05,228268.0745,94748.0547,False,-19.7882
2025-05-06,233168.0942,96802.4766,False,-18.0664
2025-05-07,233716.2965,97032.3203,False,-17.8738
2025-05-08,248525.7725,103241.4609,False,-12.6698
2025-05-09,247880.3397,102970.8516,False,-12.8966
2025-05-10,251995.789,104696.3281,False,-11.4505
2025-05-11,250588.6494,104106.3594,False,-11.9449
2025-05-12,247503.7347,102812.9531,False,-13.0289
2025-05-13,250739.992,104169.8125,False,-11.8918
2025-05-14,249236.4231,103539.4141,False,-12.4201
2025-05-15,249725.9108,103744.6406,False,-12.2481
2025-05-16,249116.8695,103489.2891,False,-12.4621
2025-05-17,248405.6226,103191.0859,False,-12.712
2025-05-18,256168.9655,106446.0078,False,-9.984
2025-05-19,254165.884,105606.1797,False,-10.6879
2025-05-20,256992.0143,106791.0859,False,-9.6948
2025-05-21,263877.8048,109678.0781,False,-7.2752
2025-05-22,268636.5814,111673.2812,False,-5.603
2025-05-23,258176.724,107287.7969,False,-9.2785
2025-05-24,259377.2908,107791.1562,False,-8.8567
2025-05-25,262344.9252,109035.3906,False,-7.8139
2025-05-26,263310.8384,109440.3672,False,-7.4744
2025-05-27,262247.732,108994.6406,False,-7.848
2025-05-28,259403.937,107802.3281,False,-8.8473
2025-05-29,254250.7417,105641.7578,False,-10.6581
2025-05-30,250331.5607,103998.5703,False,-12.0353
2025-05-31,251856.8937,104638.0938,False,-11.4993
2025-06-01,254275.4127,105652.1016,False,-10.6494
2025-06-02,254822.6274,105881.5312,False,-10.4571
2025-06-03,253751.5645,105432.4688,False,-10.8335
2025-06-04,252080.8331,104731.9844,False,-11.4206
2025-06-05,244553.3551,101575.9531,False,-14.0657
2025-06-06,251265.983,104390.3438,False,-11.7069
2025-06-07,254188.4121,105615.625,False,-10.68
2025-06-08,254613.0174,105793.6484,False,-10.5308
2025-06-09,265347.0877,110294.1016,False,-6.7589
2025-06-10,265259.1555,110257.2344,False,-6.7898
2025-06-11,261513.0812,108686.625,False,-8.1062
2025-06-12,254935.976,105929.0547,False,-10.4173
2025-06-13,255322.1587,106090.9688,False,-10.2816
2025-06-14,253846.8198,105472.4062,False,-10.8
2025-06-15,254036.7155,105552.0234,False,-10.7333
2025-06-16,257005.5424,106796.7578,False,-9.6901
2025-06-17,251768.7006,104601.1172,False,-11.5303
2025-06-18,252441.8044,104883.3281,False,-11.2937
2025-06-19,251967.0746,104684.2891,False,-11.4606
2025-06-20,248688.2953,103309.6016,False,-12.6127
2025-06-21,246178.695,102257.4062,False,-13.4946
2025-06-22,243148.9733,100987.1406,False,-14.5592
2025-06-23,254098.132,105577.7734,False,-10.7117
2025-06-24,255214.0275,106045.6328,False,-10.3196
2025-06-25,258351.9363,107361.2578,False,-9.217
2025-06-26,257394.8928,106960.0,False,-9.5533
2025-06-27,257701.2115,107088.4297,False,-9.4456
2025-06-28,258271.9047,107327.7031,False,-9.2451
2025-06-29,260795.0331,108385.5703,False,-8.3585
2025-06-30,257813.088,107135.3359,False,-9.4063
2025-07-01,254385.5563,105698.2812,False,-10.6107
2025-07-02,261924.9784,108859.3203,False,-7.9614
2025-07-03,263806.0093,109647.9766,False,-7.3004
2025-07-04,259957.3009,108034.3359,False,-8.6529
2025-07-05,260426.7946,108231.1797,False,-8.4879
2025-07-06,262814.0277,109232.0703,False,-7.649
2025-07-07,260590.5845,108299.8516,False,-8.4303
2025-07-08,262141.9115,108950.2734,False,-7.8852
2025-07-09,267809.6008,111326.5547,False,-5.8936
2025-07-10,278925.7544,115987.2031,False,-1.9875
2025-07-11,282574.4678,117516.9922,False,-0.7053
2025-07-12,282379.4479,117435.2266,False,-0.7739
2025-07-13,286388.5549,119116.1172,False,0.0
2025-07-14,288138.2372,119849.7031,False,0.0
2025-07-15,283195.0619,117777.1875,False,-1.7156
2025-07-16,285487.9154,118738.5078,False,-0.9198
2025-07-17,286802.9116,119289.8438,False,-0.4634
2025-07-18,283734.1897,118003.2266,False,-1.5284
2025-07-19,283583.3315,117939.9766,False,-1.5808
2025-07-20,282058.7998,117300.7891,False,-2.1099
2025-07-21,282389.7336,117439.5391,False,-1.9951
2025-07-22,288485.7736,119995.4141,False,0.0
2025-07-23,285527.1579,118754.9609,False,-1.0256
2025-07-24,284604.214,118368.0,False,-1.3455
2025-07-25,282858.0349,117635.8828,False,-1.9508
2025-07-26,283600.959,117947.3672,False,-1.6933
2025-07-27,287181.3054,119448.4922,False,-0.4522
2025-07-28,283546.3623,117924.4766,False,-1.7122
2025-07-29,283540.8095,117922.1484,False,-1.7141
2025-07-30,283323.8578,117831.1875,False,-1.7893
2025-07-31,278379.5645,115758.2031,False,-3.5032
2025-08-01,272564.3897,113320.0859,False,-5.5189
2025-08-02,270672.5885,112526.9141,False,-6.1747
2025-08-03,274705.2298,114217.6719,False,-4.7769
2025-08-04,276742.6159,115071.8828,False,-4.0706
2025-08-05,274523.4212,114141.4453,False,-4.8399
2025-08-06,276637.9506,115028.0,False,-4.1069
2025-08-07,282526.542,117496.8984,False,-2.0657
2025-08-08,280598.9641,116688.7266,False,-2.7339
2025-08-09,280149.6879,116500.3594,False,-2.8896
2025-08-10,286843.2535,119306.7578,False,-0.5694
2025-08-11,285471.0706,118731.4453,False,-1.045
2025-08-12,288909.1118,120172.9062,False,0.0
2025-08-13,296472.6645,123344.0625,False,0.0
2025-08-14,284584.1269,118359.5781,False,-4.01
2025-08-15,282291.497,117398.3516,False,-4.7833
2025-08-16,282513.3121,117491.3516,False,-4.7085
2025-08-17,282421.9885,117453.0625,False,-4.7393
2025-08-18,279558.0691,116252.3125,False,-5.7053
2025-08-19,271398.2951,112831.1797,False,-8.4576
2025-08-20,274841.3488,114274.7422,False,-7.2962
2025-08-21,270415.2763,112419.0312,False,-8.7891
2025-08-22,281041.0664,116874.0859,False,-5.2051
2025-08-23,277463.9809,115374.3281,False,-6.4116
2025-08-24,272894.3546,113458.4297,False,-7.9529
2025-08-25,264942.2155,110124.3516,False,-10.6352
2025-08-26,268945.1548,111802.6562,False,-9.285
2025-08-27,267560.3755,111222.0625,False,-9.7521
2025-08-28,270715.2596,112544.8047,False,-8.688
2025-08-29,260855.2943,108410.8359,False,-12.0137
2025-08-30,261802.7415,108808.0703,False,-11.6941
2025-08-31,260439.9873,108236.7109,False,-12.1538
2025-09-01,262858.2081,109250.5938,False,-11.3381
2025-09-02,267509.1516,111200.5859,False,-9.7694
2025-09-03,268755.6691,111723.2109,False,-9.3489
2025-09-04,266371.492,110723.6016,False,-10.1531
2025-09-05,266198.2921,110650.9844,False,-10.2115
2025-09-06,265181.5463,110224.6953,False,-10.5545
2025-09-07,267430.5176,111167.6172,False,-9.7959
2025-09-08,269586.2087,112071.4297,False,-9.0688
2025-09-09,268296.1443,111530.5469,False,-9.5039
2025-09-10,274079.586,113955.3594,False,-7.5532
2025-09-11,277781.7034,115507.5391,False,-6.3044
2025-09-12,279198.5512,116101.5781,False,-5.8265
2025-09-13,278838.2321,115950.5078,False,-5.9481
2025-09-14,277543.4721,115407.6562,False,-6.3848
2025-09-15,277632.2428,115444.875,False,-6.3549
2025-09-16,280967.3703,116843.1875,False,-5.2299
2025-09-17,280073.7185,116468.5078,False,-5.5314
2025-09-18,281668.6295,117137.2031,False,-4.9934
2025-09-19,278214.1721,115688.8594,False,-6.1586
2025-09-20,278293.1229,115721.9609,False,-6.1319
2025-09-21,277301.2344,115306.0938,False,-6.4665
2025-09-22,271201.1137,112748.5078,False,-8.5241
2025-09-23,269450.4252,112014.5,False,-9.1146
2025-09-24,272584.7749,113328.6328,False,-8.0574
2025-09-25,262378.0745,109049.2891,False,-11.5001
2025-09-26,263960.6874,109712.8281,False,-10.9663
2025-09-27,263887.0285,109681.9453,False,-10.9911
2025-09-28,269708.3524,112122.6406,False,-9.0276
2025-09-29,275141.0153,114400.3828,False,-7.1951
2025-09-30,274319.8298,114056.0859,False,-7.4721
2025-10-01,285274.2619,118648.9297,False,-3.7772
2025-10-02,290121.5856,120681.2578,False,-2.1422
2025-10-03,293902.6352,122266.5312,False,-0.8669
2025-10-04,294281.6253,122425.4297,False,-0.739
2025-10-05,296876.7355,123513.4766,False,0.0
2025-10-06,299832.0157,124752.5312,False,0.0
2025-10-07,291958.4175,121451.3828,False,-2.626
2025-10-08,296498.4348,123354.8672,False,-1.1118
2025-10-09,292564.7196,121705.5859,False,-2.4238
2025-10-10,272312.239,113214.3672,False,-9.1784
2025-10-11,266572.5119,110807.8828,False,-11.0927
2025-10-12,276976.077,115169.7656,False,-7.6229
2025-10-13,277217.7184,115271.0781,False,-7.5423
2025-10-14,272083.9766,113118.6641,False,-9.2545
2025-10-15,266513.555,110783.1641,False,-11.1124
2025-10-16,260319.1293,108186.0391,False,-13.1783
2025-10-17,256220.9161,106467.7891,False,-14.5452
2025-10-18,257963.1822,107198.2656,False,-13.9641
2025-10-19,261465.584,108666.7109,False,-12.796
2025-10-20,266050.2849,110588.9297,False,-11.2669
2025-10-21,261012.8419,108476.8906,False,-12.947
2025-10-22,259132.6495,107688.5859,False,-13.5741
2025-10-23,264811.929,110069.7266,False,-11.6799
2025-10-24,267111.6397,111033.9219,False,-10.9129
2025-10-25,268561.32,111641.7266,False,-10.4294
2025-10-26,275312.8922,114472.4453,False,-8.1776
2025-10-27,274470.6693,114119.3281,False,-8.4585
2025-10-28,271696.3965,112956.1641,False,-9.3838
2025-10-29,264777.5312,110055.3047,False,-11.6914
2025-10-30,260604.1685,108305.5469,False,-13.0833
2025-10-31,263587.0265,109556.1641,False,-12.0884
2025-11-01,264798.3078,110064.0156,False,-11.6844
2025-11-02,266171.1987,110639.625,False,-11.2266
2025-11-03,256411.0913,106547.5234,False,-14.4818
2025-11-04,244588.1069,101590.5234,False,-18.425
2025-11-05,250076.9876,103891.8359,False,-16.5943
2025-11-06,243898.2515,101301.2891,False,-18.655
2025-11-07,248468.2597,103372.4062,False,-17.1308
2025-11-08,248468.2597,102282.1172,False,-17.1308
2025-11-09,248468.2597,104719.6406,False,-17.1308
2025-11-10,248468.2597,105996.5938,False,-17.1308
2025-11-11,248468.2597,102997.4688,False,-17.1308
2025-11-12,248468.2597,101663.1875,False,-17.1308
2025-11-13,248468.2597,99697.4922,False,-17.1308
2025-11-14,248468.2597,94397.7891,False,-17.1308
2025-11-15,248468.2597,95549.1484,False,-17.1308
2025-11-16,248468.2597,94177.0781,False,-17.1308
2025-11-17,248468.2597,92093.875,False,-17.1308
2025-11-18,248468.2597,92948.875,False,-17.1308
2025-11-19,248468.2597,91465.9922,False,-17.1308
2025-11-20,248468.2597,86631.8984,False,-17.1308
2025-11-21,248468.2597,85090.6875,False,-17.1308
2025-11-22,248468.2597,84648.3594,False,-17.1308
2025-11-23,248468.2597,86805.0078,False,-17.1308
2025-11-24,248468.2597,88270.5625,False,-17.1308
2025-11-25,248468.2597,87341.8906,False,-17.1308
2025-11-26,248468.2597,90518.3672,False,-17.1308
2025-11-27,248468.2597,91285.375,False,-17.1308
2025-11-28,248468.2597,90919.2656,False,-17.1308
2025-11-29,248468.2597,90851.7578,False,-17.1308
2025-11-30,248468.2597,90394.3125,False,-17.1308
2025-12-01,248468.2597,86321.5703,False,-17.1308
2025-12-02,248468.2597,91350.2031,False,-17.1308
2025-12-03,248468.2597,93527.8047,False,-17.1308
2025-12-04,248468.2597,92141.625,False,-17.1308
2025-12-05,248468.2597,89387.7578,False,-17.1308
2025-12-06,248468.2597,89272.375,False,-17.1308
2025-12-07,248468.2597,90405.6406,False,-17.1308
2025-12-08,248468.2597,90640.2031,False,-17.1308
2025-12-09,248468.2597,92691.7109,False,-17.1308
2025-12-10,248468.2597,92020.9453,False,-17.1308
2025-12-11,248468.2597,92511.3359,False,-17.1308
2025-12-12,248468.2597,90270.4141,False,-17.1308
2025-12-13,248468.2597,90298.7109,False,-17.1308
2025-12-14,248468.2597,88175.1797,False,-17.1308
2025-12-15,248468.2597,86419.7812,False,-17.1308
2025-12-16,248468.2597,87843.9844,False,-17.1308
2025-12-17,248468.2597,86143.7578,False,-17.1308
2025-12-18,248468.2597,85462.5078,False,-17.1308
2025-12-19,248468.2597,88103.3828,False,-17.1308
2025-12-20,248468.2597,88344.0,False,-17.1308
2025-12-21,248468.2597,88621.75,False,-17.1308
2025-12-22,248468.2597,88490.0156,False,-17.1308
2025-12-23,248468.2597,87414.0,False,-17.1308
2025-12-24,248468.2597,87611.9609,False,-17.1308
2025-12-25,248468.2597,87234.7422,False,-17.1308
2025-12-26,248468.2597,87301.4297,False,-17.1308
2025-12-27,248468.2597,87802.1562,False,-17.1308
2025-12-28,248468.2597,87835.8359,False,-17.1308
2025-12-29,248468.2597,87138.1406,False,-17.1308
2025-12-30,248468.2597,88430.1328,False,-17.1308
2025-12-31,248468.2597,87508.8281,False,-17.1308
2026-01-01,248468.2597,88731.9844,False,-17.1308
2026-01-02,248468.2597,89944.6953,False,-17.1308
2026-01-03,248468.2597,90603.1875,False,-17.1308
2026-01-04,248468.2597,91413.4922,False,-17.1308
2026-01-05,248468.2597,93882.5547,False,-17.1308
2026-01-06,248468.2597,93729.0312,False,-17.1308
2026-01-07,248468.2597,91308.0547,False,-17.1308
2026-01-08,248468.2597,91027.125,False,-17.1308
2026-01-09,248468.2597,90513.1016,False,-17.1308
2026-01-10,248468.2597,90386.6484,False,-17.1308
2026-01-11,248468.2597,90827.4609,False,-17.1308
2026-01-12,248468.2597,91192.9922,False,-17.1308
2026-01-13,248468.2597,95321.7812,False,-17.1308
2026-01-14,248468.2597,96929.3281,False,-17.1308
2026-01-15,248468.2597,95551.1875,False,-17.1308
2026-01-16,248468.2597,95525.1172,False,-17.1308
2026-01-17,248468.2597,95099.9219,False,-17.1308
2026-01-18,248468.2597,93634.4297,False,-17.1308
2026-01-19,248468.2597,92553.5938,False,-17.1308
2026-01-20,248468.2597,88310.9062,False,-17.1308
2026-01-21,248468.2597,89376.9609,False,-17.1308
2026-01-22,248468.2597,89462.4531,False,-17.1308
2026-01-23,248468.2597,89503.875,False,-17.1308
2026-01-24,248468.2597,89110.7344,False,-17.1308
2026-01-25,248468.2597,86572.2188,False,-17.1308
2026-01-26,248468.2597,88267.1406,False,-17.1308
2026-01-27,248468.2597,89102.5703,False,-17.1308
2026-01-28,248468.2597,89184.5703,False,-17.1308
2026-01-29,248468.2597,84561.5859,False,-17.1308
2026-01-30,248468.2597,84128.6562,False,-17.1308
2026-01-31,248468.2597,78621.1172,False,-17.1308
2026-02-01,248468.2597,76974.4453,False,-17.1308
2026-02-02,248468.2597,78688.7656,False,-17.1308
2026-02-03,248468.2597,75633.5469,False,-17.1308
2026-02-04,248468.2597,73019.7031,False,-17.1308
2026-02-05,248468.2597,62702.0977,False,-17.1308
2026-02-06,248468.2597,70555.3906,False,-17.1308
2026-02-07,248468.2597,69281.9688,False,-17.1308
2026-02-08,248468.2597,70264.7266,False,-17.1308
2026-02-09,248468.2597,70120.7812,False,-17.1308
2026-02-10,248468.2597,68793.9609,False,-17.1308
2026-02-11,248468.2597,66991.9688,False,-17.1308
2026-02-12,248468.2597,66221.8438,False,-17.1308
2026-02-13,248468.2597,68857.8438,False,-17.1308
2026-02-14,248468.2597,69767.625,False,-17.1308
2026-02-15,248468.2597,68788.1875,False,-17.1308
2026-02-16,248468.2597,68843.1562,False,-17.1308
2026-02-17,248468.2597,67494.2188,False,-17.1308
2026-02-18,248468.2597,66425.3203,False,-17.1308
2026-02-19,248468.2597,66957.5234,False,-17.1308
2026-02-20,248468.2597,68005.4219,False,-17.1308
2026-02-21,248468.2597,68003.7656,False,-17.1308
2026-02-22,248468.2597,67659.3906,False,-17.1308
2026-02-23,248468.2597,64616.7383,False,-17.1308
2026-02-24,248468.2597,64080.043,False,-17.1308
2026-02-25,248468.2597,67960.125,False,-17.1308
2026-02-26,248468.2597,67453.7734,False,-17.1308
2026-02-27,248468.2597,65881.7969,False,-17.1308
2026-02-28,248468.2597,66995.8594,False,-17.1308
2026-03-01,248468.2597,65738.1016,False,-17.1308
2026-03-02,248468.2597,68775.8516,False,-17.1308
2026-03-03,248468.2597,68293.6484,False,-17.1308
2026-03-04,248468.2597,72710.5781,False,-17.1308
2026-03-05,248468.2597,70841.125,False,-17.1308
2026-03-06,248468.2597,68136.4922,False,-17.1308
2026-03-07,248468.2597,67272.5938,False,-17.1308
2026-03-08,248468.2597,65969.7812,False,-17.1308
2026-03-09,248468.2597,68402.3828,False,-17.1308
2026-03-10,248468.2597,69926.9219,False,-17.1308
2026-03-11,248468.2597,70204.8828,False,-17.1308
2026-03-12,248468.2597,70493.4609,False,-17.1308
2026-03-13,248468.2597,70968.2656,False,-17.1308
2026-03-14,248468.2597,71214.625,False,-17.1308
2026-03-15,248468.2597,72789.9141,False,-17.1308
2026-03-16,248468.2597,74861.0859,False,-17.1308
2026-03-17,248468.2597,73922.4766,False,-17.1308
2026-03-18,248468.2597,71245.5781,False,-17.1308
2026-03-19,248468.2597,69912.7891,False,-17.1308
2026-03-20,248468.2597,70522.5859,False,-17.1308
2026-03-21,248468.2597,68711.5234,False,-17.1308
2026-03-22,248468.2597,67845.2109,False,-17.1308
2026-03-23,248468.2597,70914.8594,False,-17.1308
2026-03-24,248468.2597,70517.8594,False,-17.1308
2026-03-25,248468.2597,71309.8828,False,-17.1308
2026-03-26,248468.2597,68791.625,False,-17.1308
2026-03-27,248468.2597,66338.375,False,-17.1308
2026-03-28,248468.2597,66319.6953,False,-17.1308
2026-03-29,248468.2597,65954.9219,False,-17.1308
2026-03-30,248468.2597,66691.4453,False,-17.1308
2026-03-31,248468.2597,68233.3125,False,-17.1308
2026-04-01,248468.2597,68078.5547,False,-17.1308
2026-04-02,248468.2597,66888.5703,False,-17.1308
2026-04-03,248468.2597,66931.1016,False,-17.1308
2026-04-04,248468.2597,67290.5156,False,-17.1308
2026-04-05,248468.2597,68981.8984,False,-17.1308
2026-04-06,248468.2597,68859.8281,False,-17.1308
2026-04-07,248468.2597,71940.7031,False,-17.1308
2026-04-08,248468.2597,71123.3594,False,-17.1308
2026-04-09,248468.2597,71767.8281,False,-17.1308
2026-04-10,248468.2597,72979.0469,False,-17.1308
2026-04-11,248468.2597,73054.2734,False,-17.1308
2026-04-12,248468.2597,70753.4062,False,-17.1308
2026-04-13,248468.2597,74484.6406,False,-17.1308
2026-04-14,248468.2597,74181.6094,False,-17.1308
2026-04-15,248468.2597,74805.0781,False,-17.1308
2026-04-16,248468.2597,75152.1328,False,-17.1308
2026-04-17,248468.2597,77126.875,False,-17.1308
2026-04-18,248468.2597,75726.2109,False,-17.1308
2026-04-19,248468.2597,73856.3516,False,-17.1308
2026-04-20,248468.2597,75872.5234,False,-17.1308
2026-04-21,248468.2597,76352.7734,False,-17.1308
2026-04-22,248468.2597,78203.1016,False,-17.1308
2026-04-23,248468.2597,78268.9531,False,-17.1308
2026-04-24,248468.2597,77455.3125,False,-17.1308
2026-04-25,248468.2597,77612.0156,False,-17.1308
2026-04-26,248468.2597,78657.5391,False,-17.1308
2026-04-27,248468.2597,77366.625,False,-17.1308
2026-04-28,248468.2597,76350.6719,False,-17.1308
2026-04-29,248468.2597,75776.1328,False,-17.1308
2026-04-30,248468.2597,76304.3203,False,-17.1308
2026-05-01,248468.2597,78179.0,False,-17.1308
2026-05-02,248468.2597,78657.25,False,-17.1308
2026-05-03,248468.2597,78538.2266,False,-17.1308
2026-05-04,248468.2597,79827.9062,False,-17.1308
2026-05-05,248468.2597,80927.0547,False,-17.1308
2026-05-06,248468.2597,81427.5312,False,-17.1308
2026-05-07,248468.2597,80009.9922,False,-17.1308
2026-05-08,248468.2597,80186.7656,False,-17.1308
2026-05-09,248468.2597,80664.3672,False,-17.1308
2026-05-10,248468.2597,82138.9297,False,-17.1308
2026-05-11,248468.2597,81728.2969,False,-17.1308
2026-05-12,248468.2597,80477.4922,False,-17.1308
2026-05-13,248468.2597,79277.1172,False,-17.1308
2026-05-14,248468.2597,81051.25,False,-17.1308
2026-05-15,248468.2597,79065.6797,False,-17.1308
2026-05-16,248468.2597,78131.4375,False,-17.1308
2026-05-17,248468.2597,77429.3516,False,-17.1308
2026-05-18,248468.2597,76954.1719,False,-17.1308
2026-05-19,248468.2597,76750.9062,False,-17.1308
2026-05-20,248468.2597,77457.7734,False,-17.1308
2026-05-21,248468.2597,77539.1719,False,-17.1308
2026-05-22,248468.2597,75488.2422,False,-17.1308
2026-05-23,248468.2597,76673.3672,False,-17.1308
2026-05-24,248468.2597,76981.125,False,-17.1308
2026-05-25,248468.2597,77279.9297,False,-17.1308
2026-05-26,248468.2597,75825.7344,False,-17.1308
2026-05-27,248468.2597,74344.7031,False,-17.1308
2026-05-28,248468.2597,73536.5547,False,-17.1308
2026-05-29,248468.2597,73372.5234,False,-17.1308
2026-05-30,248468.2597,73754.8359,False,-17.1308
2026-05-31,248468.2597,73579.6875,False,-17.1308
2026-06-01,248468.2597,71319.7734,False,-17.1308
2026-06-02,248468.2597,66703.6562,False,-17.1308
2026-06-03,248468.2597,64014.3672,False,-17.1308
2026-06-04,248468.2597,63801.5742,False,-17.1308
2026-06-05,248468.2597,60922.668,False,-17.1308
2026-06-06,248468.2597,60867.4141,False,-17.1308
2026-06-07,248468.2597,63239.5195,False,-17.1308
2026-06-08,248468.2597,63090.5898,False,-17.1308
2026-06-09,248468.2597,61643.7812,False,-17.1308
2026-06-10,248468.2597,61449.2891,False,-17.1308
2026-06-11,248468.2597,63561.0547,False,-17.1308
2026-06-12,248468.2597,63543.1992,False,-17.1308
2026-06-13,248468.2597,64421.3242,False,-17.1308
2026-06-14,248468.2597,65710.3984,False,-17.1308
2026-06-15,248468.2597,66289.5,False,-17.1308
2026-06-16,248468.2597,65600.6406,False,-17.1308
2026-06-17,248468.2597,64418.4453,False,-17.1308
2026-06-18,248468.2597,62896.4727,False,-17.1308
2026-06-19,248468.2597,63540.8359,False,-17.1308
2026-06-20,248468.2597,64239.6758,False,-17.1308
2026-06-21,248468.2597,63237.5391,False,-17.1308
2026-06-22,248468.2597,63952.1055,False,-17.1308
2026-06-23,248468.2597,62668.0195,False,-17.1308
2026-06-24,248468.2597,60995.1328,False,-17.1308
2026-06-25,248468.2597,59721.6758,False,-17.1308
2026-06-26,248468.2597,60016.4297,False,-17.1308
2026-06-27,248468.2597,59940.0977,False,-17.1308
2026-06-28,248468.2597,59532.3398,False,-17.1308
2026-06-29,248468.2597,60138.3789,False,-17.1308
2026-06-30,248468.2597,58558.8594,False,-17.1308
2026-07-01,248468.2597,60003.7578,False,-17.1308
2026-07-02,248468.2597,61485.3008,False,-17.1308
2026-07-03,248468.2597,62544.1992,False,-17.1308
2026-07-04,248468.2597,63088.3047,False,-17.1308
2026-07-05,248468.2597,63547.8828,False,-17.1308
2026-07-06,248468.2597,63995.0156,False,-17.1308
2026-07-07,248468.2597,63297.3945,False,-17.1308
2026-07-08,248468.2597,62257.5742,False,-17.1308
2026-07-09,248468.2597,63193.1484,False,-17.1308
2026-07-10,248468.2597,64127.1406,False,-17.1308
2026-07-11,248468.2597,63802.0273,False,-17.1308
2026-07-12,248468.2597,63758.2188,False,-17.1308
2026-07-13,248468.2597,62239.1211,False,-17.1308
2026-07-14,248468.2597,64956.1133,False,-17.1308
2026-07-15,248468.2597,64712.375,False,-17.1308
2026-07-16,248468.2597,63789.2812,False,-17.1308
2026-07-17,248468.2597,63899.4609,False,-17.1308
2026-07-18,248468.2597,64796.6016,False,-17.1308
2026-07-19,248468.2597,64690.8047,False,-17.1308
2026-07-20,248468.2597,65230.0273,False,-17.1308
2026-07-21,248468.2597,66505.125,False,-17.1308
2026-07-22,248468.2597,66100.7969,False,-17.1308
2026-07-23,248468.2597,65044.8125,False,-17.1308
2026-07-24,248468.2597,64098.4961,False,-17.1308
2026-07-25,248468.2597,64311.8125,False,-17.1308
2026-07-26,248468.2597,65340.3008,False,-17.1308
2026-07-27,248468.2597,63724.8984,False,-17.1308
2026-07-28,248468.2597,63871.3633,False,-17.1308
2026-07-29,248468.2597,63908.168,False,-17.1308
2026-07-30,248468.2597,64725.3086,False,-17.1308
2026-07-31,248468.2597,62813.7461,False,-17.1308
2026-08-01,248468.2597,62763.3203,False,-17.1308
2026-08-02,248468.2597,63482.0,False,-17.1308
2026-08-03,248468.2597,63460.8984,False,-17.1308
2026-08-04,248468.2597,64055.9531,False,-17.1308
2026-08-05,248468.2597,64597.5,False,-17.1308
2026-08-06,248468.2597,64262.1133,False,-17.1308
2026-08-07,248468.2597,64880.1914,False,-17.1308
2026-08-08,248468.2597,64904.6875,False,-17.1308
2026-08-09,248468.2597,64844.8867,False,-17.1308
2026-08-10,248468.2597,63910.5859,False,-17.1308
2026-08-11,248468.2597,63551.875,False,-17.1308
2026-08-12,248468.2597,63402.4336,False,-17.1308
2026-08-13,248468.2597,63402.1719,False,-17.1308
2026-08-14,248468.2597,62975.5938,False,-17.1308
2026-08-15,248468.2597,63024.3203,False,-17.1308
2026-08-16,248468.2597,62818.6523,False,-17.1308
2026-08-17,248468.2597,64506.2539,False,-17.1308
2026-08-18,248468.2597,64680.7109,False,-17.1308
2026-08-19,248468.2597,69266.1875,False,-17.1308
2026-08-20,248468.2597,73032.7578,False,-17.1308
2026-08-21,248468.2597,78335.1875,False,-17.1308
2026-08-22,248468.2597,77083.4141,False,-17.1308
2026-08-23,248099.8369,77755.2656,False,-17.2537
2026-08-24,251919.5454,78964.4844,False,-15.9798
2026-08-25,250657.5708,78564.9766,False,-16.4007
2026-08-26,252118.3539,79027.4219,False,-15.9135
2026-08-27,256004.0769,80257.5391,False,-14.6175
2026-08-28,248336.8227,77830.2891,False,-17.1747
2026-08-29,249649.3879,78245.8125,False,-16.7369
2026-08-30,247822.8229,77667.5703,False,-17.3461
2026-08-31,250605.9438,78548.6328,False,-16.4179
2026-09-01,246989.0663,77403.625,False,-17.6242
2026-09-02,246663.2386,77300.4766,False,-17.7329
2026-09-03,259207.7655,81271.7422,False,-13.549
2026-09-04,254154.3636,79671.9688,False,-15.2344
2026-09-05,254634.184,79823.8672,False,-15.0744
2026-09-06,256296.2927,80350.0469,False,-14.52
2026-09-07,252397.6877,79115.8516,False,-15.8203
2026-09-08,250258.3005,78438.5781,False,-16.5338
2026-09-09,249692.6983,78259.5234,False,-16.7225
2026-09-10,244349.8693,76568.125,False,-18.5044
2026-09-11,246263.0798,77173.7969,False,-17.8663
2026-09-12,246568.4492,77270.4688,False,-17.7645
2026-09-13,245202.8503,76838.1562,False,-18.2199
2026-09-14,249389.0071,78163.3828,False,-16.8238
2026-09-15,241331.2434,75612.5078,False,-19.5112
2026-09-16,243030.0981,76150.3203,False,-18.9446
2026-09-17,244204.3831,76637.0234,False,-18.5529
